,Species,Common Name,,Native/non-native,Habitat from Go Botany,Invasive/pest,CNC Sample Size,CNC Median Urban Score,LVL2 Median Urban Score,LVL2 Obs Count,,histogram bins
405,Halyomorpha halys,Brown Marmorated Stink Bug,animal,Non-native,Anthropogenic,invasive?,40,9.723,11.978,838,,40
924,Trachemys scripta,slider,animal,Non-native,ponds,Invasive,27,17.987,12.963,2308,,5
762,Porcellio scaber,common rough woodlouse,animal,Non-native,woods,,47,19.555,11.387,113,,
889,Sylvilagus floridanus,Eastern cottontail rabbit,animal,Non-native,,,332,30.887,13.385,2533,,
69,Apis mellifera,Honeybee,animal,Non-native,,,177,16.021,14.256,3474,,
552,Lymantria dispar,European gypsy moth,animal,Non-native,,pest,93,2.71,1.706,968,,
410,Harmonia axyridis,Asian ladybeetle,animal,Non-native,,pest,86,11.852,10.533,2363,,
365,Exomala orientalis,Oriental beetle,animal,Non-native,,Invasive/pest,72,11.185,7.415,463,,
646,Oniscus asellus,Common Shiny Woodlouse,animal,Non-native,,,65,8.303,8.303,243,,
715,Pieris rapae,Cabbage white,animal,Non-native,,pest,56,18.696,8.936,1828,,
175,Cepaea nemoralis,Grove Snail,animal,Non-native,,,41,21.371,26.612,432,,
153,Canis latrans,coyote,animal,Non-native,,,38,1.557,1.306,776,,20
757,Popillia japonica,Japanese beetle,animal,Non-native,,pest,35,12.09,5.93,1811,,19
903,Tenodera sinensis,Chinese mantis,animal,Non-native,,,25,8.32,8.236,723,,16
65,Aphis nerii,Oleander aphid,animal,Non-native,,,19,12.663,18.157,416,,
846,Scutigera coleoptrata,House Centipede,animal,Non-native,,,18,29.512,17.586,254,,
92,Armadillidium vulgare,Common pill woodlouse,animal,Non-native,,,17,18.361,28.587,434,,
702,Philoscia muscorum,Common Striped Woodlouse,animal,Non-native,,,15,30.698,24.483,128,,
685,Periplaneta americana,American cockroach,animal,Non-native,,,1,43.581,44.784,108,,
542,Lumbricus terrestris,Earthworm,animal,Non-native,,,27,27.893,19.711,196,,4
741,Polistes dominula,European Paper Wasp,animal,Non-native,,,23,24.883,23.805,420,,
426,Hibiscus syriacus,Shrubby-rose mallow,plant,Non-native,Anthropogenic (man-made or disturbed habitats),,17,21.799,15.791,435,,
676,Parthenocissus tricuspidata,Boston-ivy,plant,Non-native,"Anthropogenic (man-made or disturbed habitats), cliffs, balds, or ledges",,10,38.758,55.514,126,,
965,Verbascum thapsus,common mullein,plant,Non-native,"Anthropogenic (man-made or disturbed habitats), cliffs, balds, or ledges, meadows and fields, ridges or ledges",,153,13.928,2.942,1877,,
817,Rosa rugosa,beach rose,plant,Non-native,"Anthropogenic (man-made or disturbed habitats), coastal beaches (sea beaches), dunes",,54,4.214,2.355,410,,
828,Rumex crispus,curly dock,plant,Non-native,"Anthropogenic (man-made or disturbed habitats), coastal beaches (sea beaches), meadows and fields, shores of rivers or lakes, wetland margins (edges of wetlands)",,45,13.913,9.912,705,,
192,Chenopodium album,lambsquarters,plant,Non-native,"Anthropogenic (man-made or disturbed habitats), coastal beaches (sea beaches), meadows and fields, talus and rocky slopes",weeds,26,20.321,36.661,630,,6
34,Alliaria petiolata,Garlic mustard,plant,Non-native,"Anthropogenic (man-made or disturbed habitats), floodplain (river or stream floodplains), forest edges, forests",Invasive/pest,491,24.606,10.32,4795,,
423,Hesperis matronalis,dames rocket,plant,Non-native,"Anthropogenic (man-made or disturbed habitats), floodplain (river or stream floodplains), forest edges, forests",weeds,26,7.518,3.973,1236,,8
118,Berberis thunbergii,Japense barberry,plant,Non-native,"Anthropogenic (man-made or disturbed habitats), floodplain (river or stream floodplains), forest edges, forests, meadows and fields",,82,3.688,1.963,1233,,
815,Robinia pseudoacacia,Black locust,plant,Non-native,"Anthropogenic (man-made or disturbed habitats), floodplain (river or stream floodplains), forest edges, meadows and fields",,42,8.322,10.533,1328,,
167,Catalpa speciosa,Northern Catalpa,plant,Non-native,"Anthropogenic (man-made or disturbed habitats), floodplain (river or stream floodplains), forest edges, meadows and fields, shrublands or thickets",,20,9.363,18.298,319,,
189,Chelidonium majus,greater celandine,plant,Non-native,"Anthropogenic (man-made or disturbed habitats), forest edges",,115,9.716,6.958,684,,
412,Hedera helix,common english ivy,plant,Non-native,"Anthropogenic (man-made or disturbed habitats), forest edges",invasive,65,24.596,32.906,2126,,
314,Epargyreus clarus,false Indigo-bush,plant,Non-native,"Anthropogenic (man-made or disturbed habitats), forest edges",,22,7.299,4.013,2250,,
8,Acer platanoides,London Plaintree,plant,Non-native,"Anthropogenic (man-made or disturbed habitats), forest edges, forests",Invasive,71,13.344,15.5,907,,
50,Ampelopsis heterophylla,Amur peppervine,plant,Non-native,"Anthropogenic (man-made or disturbed habitats), forest edges, forests, marshes, shores of rivers or lakes",,10,85.712,46.131,2011,,
170,Celastrus orbiculatus,Asian bittersweet,plant,Non-native,"Anthropogenic (man-made or disturbed habitats), forest edges, forests, meadows and fields, shrublands or thickets",,99,11.071,8.236,1278,,
861,Solanum dulcamara,Climbing nightshade,plant,Non-native,"Anthropogenic (man-made or disturbed habitats), forest edges, forests, shores of rivers or lakes, swamps, wetland margins (edges of wetlands)",,97,13.928,10.951,1349,,
29,Ailanthus altissima,Tree of heaven,plant,Non-native,"Anthropogenic (man-made or disturbed habitats), forest edges, forests, shrublands or thickets",Invasive/pest,57,34.398,50.154,3101,,
305,Elaeagnus umbellata,autumn olive,plant,Non-native,"Anthropogenic (man-made or disturbed habitats), forest edges, meadows and fields",,39,2.854,2.155,1003,,25
225,Commelina communis,Asiatic dayflower,plant,Non-native,"Anthropogenic (man-made or disturbed habitats), forest edges, meadows and fields",,31,13.357,15.793,736,,1
488,Leonurus cardiaca,motherwort,plant,Non-native,"Anthropogenic (man-made or disturbed habitats), forest edges, meadows and fields",,16,34.799,10.335,687,,
397,Gleditsia triacanthos,honeylocust,plant,Non-native,"Anthropogenic (man-made or disturbed habitats), forest edges, shores of rivers or lakes, shrublands or thickets",,26,34.799,8.729,621,,7
346,Euonymus fortunei,Climbing Spindle tree,plant,Non-native,"Anthropogenic (man-made or disturbed habitats), forest edges, shrublands or thickets",,25,28.327,18.136,513,,10
463,Juglans nigra,Black wlanut,plant,Non-native,"Anthropogenic (man-made or disturbed habitats), forests, meadows and fields",,25,7.38,7.256,1038,,11
370,Ficaria verna,Lesser celandine,plant,Non-native,"Anthropogenic (man-made or disturbed habitats), forests, shores of rivers or lakes",,70,24.596,14.916,1504,,
396,Glechoma hederacea,Gill over the  hill,plant,Non-native,"Anthropogenic (man-made or disturbed habitats), meadows and fields",,127,25.033,10.442,2375,,
937,Trifolium repens,white clover,plant,Non-native,"Anthropogenic (man-made or disturbed habitats), meadows and fields",,120,18.204,14.88,3218,,
203,Cichorium intybus,Chicory,plant,Non-native,"Anthropogenic (man-made or disturbed habitats), meadows and fields",weedy,109,14.108,8.472,1958,,
95,Artemisia vulgaris,common woodwort,plant,Non-native,"Anthropogenic (man-made or disturbed habitats), meadows and fields",,80,11.732,29.927,1415,,
983,Vinca minor,lesser periwinkle,plant,Non-native,"Anthropogenic (man-made or disturbed habitats), meadows and fields",,79,7.832,7.415,945,,
477,Lamium purpureum,Red deadnettle,plant,Non-native,"Anthropogenic (man-made or disturbed habitats), meadows and fields",,73,30.698,18.268,2178,,
157,Cardamine hirsuta,Hairy bittercress,plant,Non-native,"Anthropogenic (man-made or disturbed habitats), meadows and fields",,67,30.698,12.618,830,,
476,Lamium amplexicaule,Henbit deadnettle,plant,Non-native,"Anthropogenic (man-made or disturbed habitats), meadows and fields",,59,31.405,33.541,1293,,
518,Linaria vulgaris,Butter and eggs toadflax,plant,Non-native,"Anthropogenic (man-made or disturbed habitats), meadows and fields",invasive,58,22.485,6.3,670,,
841,Scilla siberica,Siberian squill,plant,Non-native,"Anthropogenic (man-made or disturbed habitats), meadows and fields",,43,22.064,16.779,435,,
932,Trifolium arvense,rabbit foot clover,plant,Non-native,"Anthropogenic (man-made or disturbed habitats), meadows and fields",,40,5.716,1.703,332,,
289,Draba verna,Spring drab,plant,Non-native,"Anthropogenic (man-made or disturbed habitats), meadows and fields",,39,27.564,13.348,237,,30
980,Vicia cracca,cow vetch,plant,Non-native,"Anthropogenic (man-made or disturbed habitats), meadows and fields",,35,4.885,1.3,539,,18
275,Dianthus armeria,Deptford pink,plant,Non-native,"Anthropogenic (man-made or disturbed habitats), meadows and fields",,30,1.744,1.547,502,,0
849,Senecio vulgaris,common ragwort,plant,Non-native,"Anthropogenic (man-made or disturbed habitats), meadows and fields",,26,30.956,37.473,417,,15
350,Euphorbia cyparissias,Cypress spurge,plant,Non-native,"Anthropogenic (man-made or disturbed habitats), meadows and fields",,23,2.14,1.26,245,,
851,Silene latifolia,white campion,plant,Non-native,"Anthropogenic (man-made or disturbed habitats), meadows and fields",,29,14.974,2.852,605,,2
174,Centaurea stoebe,spotted knapweed,plant,Non-native,"Anthropogenic (man-made or disturbed habitats), meadows and fields",,25,5.241,1.46,456,,9
768,Potentilla recta,sulphur cinquefoil,plant,Non-native,"Anthropogenic (man-made or disturbed habitats), meadows and fields",,25,2.925,1.279,549,,12
36,Allium vineale,crow garlic,plant,Non-native,"Anthropogenic (man-made or disturbed habitats), meadows and fields",,19,28.327,17.496,540,,
156,Capsella bursa-pastoris,shepards purse,plant,Non-native,"Anthropogenic (man-made or disturbed habitats), meadows and fields",weed,18,23.13,39.877,738,,
453,Ipomoea purpurea,common morning glory,plant,Non-native,"Anthropogenic (man-made or disturbed habitats), meadows and fields",,5,36.079,16.924,141,,
936,Trifolium pratense,red clover,plant,Non-native,"Anthropogenic (man-made or disturbed habitats), meadows and fields, shores of rivers or lakes",,112,8.866,3.67,2192,,
900,Tanacetum vulgare,tansy,plant,Non-native,"Anthropogenic (man-made or disturbed habitats), meadows and fields, shores of rivers or lakes",,93,14.898,7.071,556,,
829,Rumex obtusifolius,biterdock,plant,Non-native,"Anthropogenic (man-made or disturbed habitats), meadows and fields, shores of rivers or lakes",,49,11.475,10.028,514,,
439,Hypericum perforatum,common st johns wort,plant,Non-native,"Anthropogenic (man-made or disturbed habitats), meadows and fields, shores of rivers or lakes",,39,8.561,1.301,549,,35
115,Barbarea vulgaris,garden yellow rocket,plant,Non-native,"Anthropogenic (man-made or disturbed habitats), meadows and fields, shores of rivers or lakes",,28,16.982,5.297,621,,3
827,Rumex acetosella,Common sheep sorrel,plant,Non-native,"Anthropogenic (man-made or disturbed habitats), meadows and fields, shores of rivers or lakes",,23,7.56,1.183,333,,
824,Rudbeckia hirta,Black eyed susan,plant,Non-native,"Anthropogenic (man-made or disturbed habitats), meadows and fields, woodlands",,20,3.827,1.915,1237,,
538,Lotus corniculatus,Birds foot trefoil,plant,Non-native,"Anthropogenic (man-made or disturbed habitats),",Pest,43,9.112,5.357,1463,,
763,Portulaca oleracea,Common purselaine,plant,Non-native,"Anthropogenic (man-made or disturbed habitats), coastal beaches (sea beaches), meadows and fields",,16,32.611,38.952,395,,
378,Frangula alnus,Alder buckthorn,plant,Non-native,"Anthropogenic (man-made or disturbed habitats), f",Invasive,84,6.146,2.301,608,,
804,Reynoutria japonica,Japanese knotweed,plant,Non-native,"Anthropogenic (man-made or disturbed habitats), floodplain (river or stream floodplains), forest edges, meadows and fields, shores of rivers or lakes",Invasive,302,19.499,10.318,2294,,
805,Rhamnus cathartica,European buckthorn,plant,Non-native,"Anthropogenic (man-made or disturbed habitats), forest edges, forests, meadows and fields",,33,4.214,2.487,1463,,17
738,Podophyllum peltatum,mayapple,plant,Non-native,"Anthropogenic (man-made or disturbed habitats), forest edges, forests, meadows and fields, shores of rivers or lakes",,43,8.732,4.451,3553,,
345,Euonymus alatus,burning bush,plant,Non-native,"Anthropogenic (man-made or disturbed habitats), forest edges, meadows and fields,",invasive,55,2.846,5.962,564,,
179,Cercis canadensis,redbud,plant,Non-native,"Anthropogenic (man-made or disturbed habitats), forest edges, ridges or ledges, woodlands",,18,26.06,11.257,1997,,
711,Picea abies,Norway spruce,plant,Non-native,"Anthropogenic (man-made or disturbed habitats), forests, shrublands or thickets",,28,10.135,4.055,268,,14
559,Lythrum salicaria,Purple loosestrife,plant,Non-native,"Anthropogenic (man-made or disturbed habitats), marshes, meadows and fields, shores of rivers or lakes, swamps, wetland margins (edges of wetlands)",,84,5.227,4.085,1256,,
262,Daucus carota,Queen Anees lace,plant,Non-native,"Anthropogenic (man-made or disturbed habitats), meadows and fields",,103,12.267,4.633,2594,,
210,Cirsium vulgare,common thistle,plant,Non-native,"Anthropogenic (man-made or disturbed habitats), meadows and fields",,76,28.35,10.917,950,,
726,Plantago lanceolata,Ribwort Plantain,plant,Non-native,"Anthropogenic (man-made or disturbed habitats), meadows and fields",weed,71,25.973,17.972,1319,,
727,Plantago major,Broadleaf plantain,plant,Non-native,"Anthropogenic (man-made or disturbed habitats), meadows and fields",weed,65,32.965,38.18,978,,
229,Convallaria majalis,European lily-of-the-valley,plant,Non-native,"Anthropogenic (man-made or disturbed habitats), meadows and fields",,24,7.961,9.3,368,,
879,Stellaria media,Starwort,plant,Non-native,"Anthropogenic (man-made or disturbed habitats), meadows and fields",,17,30.698,16.154,570,,
901,Taraxacum officinale,dandelion,plant,Non-native,"Anthropogenic (man-made or disturbed habitats), meadows and fields, shores of rivers or lakes",,472,17.542,17.498,2900,,
847,Securigera varia,purple cow vetch,plant,Non-native,"Anthropogenic (man-made or disturbed habitats), meadows and fields, shores of rivers or lakes",,25,13.139,7.546,1161,,13
816,Rosa multiflora,Multiflora rose,plant,Non-native,"Anthropogenic (man-made or disturbed habitats), meadows and fields, shores of rivers or lakes, shrublands or thickets",Invasive,153,4.214,4.214,2049,,
240,Cornus kousa,kousa big-bracted-dogwood,plant,Non-native,,,17,16.877,16.567,116,,
712,Picea glauca,White spruce,plant,Non-native,,,1,1.259,0.87,249,,
79,Arctium lappa,Greater Burdock,plant,Non-native,,,6,20.129,7.255,251,,
249,White Wood Aster,Slender Scratch Daisy,plant,Non-native,,,38,8.508,4.131,403,,
730,Platycryptus undatus,tan jumping spider,animal,Native,Anthropogenic (man made),,34,13.928,5.014,569,,
641,Odocoileus virginianus,White tailed deer,animal,Native,"Forest edges, forests",,136,2.365,3.466,5316,,
898,Tamias striatus,chipmunk,animal,Native,forests,,93,11.387,4.366,1784,,
899,Tamiasciurus hudsonicus,red squirrel,animal,Native,forests,,34,1.825,1.029,1059,,
698,Phidippus audax,Bold Jumping Spider,animal,Native,homes,,26,26.744,9.021,739,,
907,Tetraopes tetrophthalmus,red milkweed beetle,animal,Native,milkweed,,32,8.549,4.438,1154,,
508,Libellula lydia,common whitetail dragonfly,animal,Native,"ponds, wetlands",,63,6.934,2.31,2439,,
166,Castor canadensis,Beaver,animal,Native,"ponds, wetlands",,61,1.983,1.164,1369,,
658,Pachydiplax longipennis,Blue dasher,animal,Native,Wetlands,,128,2.502,3.834,3086,,
732,Plethodon cinereus,Red-backed salamander ,animal,Native,Wetlands,,125,4.148,1.398,1714,,
527,Lithobates catesbeianus,American bullfrogs,animal,Native,Wetlands,,74,5.272,1.865,1871,,
530,Lithobates sylvaticus,Wood frog,animal,Native,Wetlands,,71,1.567,0.638,1237,,
528,Lithobates clamitans,Green frog,animal,Native,Wetlands,,58,2.522,1.017,2809,,
337,Erythemis simplicicollis,Eastern Pondhawk dragonfly,animal,Native,Wetlands,,55,1.682,2.206,2970,,
778,Pseudacris crucifer,Spring peeper,animal,Native,Wetlands,,52,1.97,0.597,1071,,
44,Ambystoma maculatum,yellow-spotted salamander ,animal,Native,Wetlands,,44,7.853,0.479,749,,
529,Lithobates palustris,Pickerel frog,animal,Native,Wetlands,,41,2.366,0.773,606,,
431,Hyla versicolor,grey treefrog,animal,Native,"wetlands, forests",,40,2.256,1.266,977,,
199,Chrysemys picta,Eastern painted turtle,animal,Native,"wetlands, ponds",,200,2.139,1.253,3378,,
645,Ondatra zibethicus,muskrat,animal,Native,"wetlands, ponds",,38,1.58,3.975,669,,
507,Libellula luctuosa,widow skimer dragonfly,animal,Native,"wetlands, ponds",,36,2.616,1.304,1717,,
57,Anaxyrus fowleri,Fowlers toad,animal,Native,,,7,1.204,1.142,662,,
842,Sciurus carolinensis,grey squirrel,animal,Native,,,676,30.956,24.493,6804,,
135,Bombus impatiens,Common eastern bumble bee,animal,Native,,,209,17.425,8.124,3254,,
257,Danaus plexippus,Monarch butterfly,animal,Native,,,163,10.593,4.45,7991,,
912,Thamnophis sirtalis,Garter snake,animal,Native,,,154,2.251,1.157,3086,,
56,Anaxyrus americanus,American toad,animal,Native,,,106,2.133,1.198,3428,,
308,Ellychnia corrusca,winter firefly,animal,Native,,,87,8.303,2.1,342,,
191,Chelydra serpentina,snapping turtle,animal,Native,,,86,6.043,1.81,2212,,
150,Camponotus pennsylvanicus,Eastern Black Carpenter Ant,animal,Native,,pest,66,15.793,10.249,560,,
790,Pyrrharctia isabella,isabella tiger moth,animal,Native,,,56,5.95,2.181,1549,,
1000,Xylocopa virginica,Eastern carpenter bee,animal,Native,,,56,10.756,12.731,1877,,
773,Procyon lotor,raccoon,animal,Native,,,49,4.154,2.364,2213,,
960,Vanessa atalanta,red admiral,animal,Native,,,47,9.369,6.9,2681,,
566,Malacosoma americana,Eastern Tent Caterpillar Moth,animal,Native,,,44,10.071,1.684,1096,,
571,Marmota monax,Groundhog,animal,Native,,,41,8.147,9.742,1054,,
962,Vanessa virginiensis,American lady,animal,Native,,,41,7.827,2.109,1307,,
670,Papilio glaucus,eastern tiger swallowtail,animal,Native,,,38,9.605,3.332,3626,,
923,Toxomerus marginatus,Calligrapher Fly,animal,Native,,,37,13.928,9.175,1052,,
1003,Zerynthia polyxena,butterfly,animal,Native,,,36,4.367,10.558,2168,,
961,Vanessa cardui,Painted lady,animal,Native,,,35,10.702,4.395,1276,,
197,Chortophaga viridifasciata,Green-striped Grasshopper,animal,Native,,,32,7.168,3.061,382,,
134,Bombus griseocollis,Brown-belted Bumble Bee,animal,Native,,,30,36.58,15.699,1411,,
539,Lucanus capreolus,Reddish-brown stag beetle,animal,Native,,,29,9.585,9.34,315,,
891,Sympetrum vicinum,Autumn meadowhawk,animal,Native,,,29,6.498,1.147,829,,
206,Cicindela sexguttata,Six spotted tiget beetle,animal,Native,,,28,1.9,1.535,1037,,
172,Celithemis elisa,calico pennant,animal,Native,,,26,1.24,0.622,568,,
404,Halictus ligatus,Ligated Furrow Bee,animal,Native,,,26,16.161,8.962,266,,
545,Lycaena phlaeas,American copper,animal,Native,,,26,13.913,0.964,194,,
269,Dermacentor variabilis,Ameircan dogtick,animal,Native,,,25,2.397,1.513,360,,
460,Ixodes scapularis,Eastern Black-legged Tick,animal,Native,,,23,2.191,0.94,229,,
706,Phyllopalpus pulchellus,Red-headed Bush Cricket,animal,Native,,,23,3.917,8.483,181,,
744,Polites peckius,Peck's Skipper,animal,Native,,,23,5.565,9.23,669,,
459,Ischnura verticalis,Eastern forktail,animal,Native,,,22,2.154,2.383,1451,,
540,Lucidota atra,Black firefly,animal,Native,,,20,7.453,5.045,165,,
991,Vulpes vulpes,Red fox,animal,Native,,,20,2.203,3.017,935,,
567,Malacosoma disstria,Forest Tent Caterpillar Moth,animal,Native,,,19,7.221,1.029,717,,
686,Perithemis tenera,Eastern Amberwing,animal,Native,,,19,13.644,3.473,1226,,
705,Phyciodes tharos,Pearl Crescent,animal,Native,,,19,2.397,1.48,1875,,
371,Flatormenis proxima,Northern flaitd planthopper,animal,Native,,,18,7.975,8.853,202,,
501,Leucorrhinia intacta,dot-tailed whiteface,animal,Native,,,18,2.349,0.977,520,,
283,Dissosteira carolina,Carolina Grasshopper,animal,Native,,,17,3.056,1.818,483,,
25,Agapostemon virescens,Bicolored Striped Sweat Bee,animal,Native,,,16,19.063,21.113,317,,
15,Acronicta americana,Ameircan dagger moth,animal,Native,,,6,22.975,6.875,545,,
1002,Zelus luridus,"Pale Green Assassin Bug,",animal,Native,,,6,6.708,5.586,223,,
374,Fomitopsis betulina,Birch polypore,fungus/lichen,Native,Birch trees,,52,5.458,1.062,307,,
372,Flavoparmelia caperata,Common Greenshield Lichen,fungus/lichen,Native,,,46,6.032,7.208,584,,
927,Trametes versicolor,Turkey tail,fungus/lichen,Native,,,28,6.704,3.507,961,,
68,Apiosporina morbosa,Blackknot,fungus/lichen,Native,,,20,7.661,2.719,306,,
364,Exidia recisa,Amber Jelly Fungus,fungus/lichen,Native,,,19,6.595,3.37,233,,
474,Laetiporus sulphureus,chicken of the woods,fungus/lichen,Native,,,18,6.897,1.871,547,,
881,Stereum complicatum,Crowded Parchment Fungus,fungus/lichen,Native,,,18,13.507,3.247,200,,
428,Houstonia caerulea,little bluet,plant,Native,"Alpine or subalpine zones, anthropogenic (man-made or disturbed habitats), cliffs, balds, or ledges, forests, meadows and fields, ridges or ledges, shores of rivers or lakes",,29,1.838,1.093,609,,
13,Achillea millefolium,Common yarrow,plant,Native,"Alpine or subalpine zones, anthropogenic (man-made or disturbed habitats), cliffs, balds, or ledges, meadows and fields, mountain summits and plateaus, ridges or ledges, shores of rivers or lakes",,99,3.693,1.404,2234,,
957,Vaccinium angustifolium,lowbush blueberry,plant,Native,"Alpine or subalpine zones, cliffs, balds, or ledges, grassland, meadows and fields, mountain summits and plateaus, ridges or ledges, woodlands",,33,3.313,0.319,374,,
792,Quercus alba,White oak,plant,Native,"Anthropodenic, ornamental",,74,2.792,2.311,2001,,
793,Quercus bicolor,,plant,Native,"Anthropodenic, ornamental",,13,2.182,8.697,213,,
351,Euphorbia maculata,spotted sandmat,plant,Native,Anthropogenic (man-made or disturbed habitats),,19,22.865,25.193,514,,
255,Cypripedium acaule,Pink lady's slipper,plant,Native,"Anthropogenic (man-made or disturbed habitats), bogs, forest edges, forests, swamps, woodlands",,116,2.46,0.386,1197,,
945,Typha latifolia,broad-leaved cat-tail,plant,Native,"Anthropogenic (man-made or disturbed habitats), fens, lacustrine (in lakes or ponds), marshes, riverine (in rivers or streams), shores of rivers or lakes, wetland margins (edges of wetlands)",,41,3.688,2.602,530,,
952,Urtica dioica,stinging nettle,plant,Native,"Anthropogenic (man-made or disturbed habitats), floodplain (river or stream floodplains), forest edges, forests, shores of rivers or lakes",,29,24.883,1.703,672,,
777,Prunus serotina,Black cherry,plant,Native,"Anthropogenic (man-made or disturbed habitats), floodplain (river or stream floodplains), forests",,55,2.846,2.691,2439,,
6,Acer negundo,boxelder,plant,Native,"Anthropogenic (man-made or disturbed habitats), floodplain (river or stream floodplains), forests, shores of rivers or lakes",,40,26.609,10.508,2170,,
643,Oenothera biennis,common evening primrose,plant,Native,"Anthropogenic (man-made or disturbed habitats), floodplain (river or stream floodplains), meadows and fields, shores of rivers or lakes",,48,6.619,10.9,769,,
837,Sassafras albidum,Sassafras,plant,Native,"Anthropogenic (man-made or disturbed habitats), forest edges, forests",,91,2.115,3.758,2152,,
821,Rubus occidentalis,Black raspberry,plant,Native,"Anthropogenic (man-made or disturbed habitats), forest edges, forests, meadows and fields",,22,7.098,2.749,559,,
391,Gaultheria procumbens,eastern spicey wintergreen,plant,Native,"Anthropogenic (man-made or disturbed habitats), forest edges, forests, meadows and fields, woodlands",,45,1.197,0.476,727,,
989,Viola sororia,Wooly blue violet,plant,Native,"Anthropogenic (man-made or disturbed habitats), forest edges, forests, meadows and fields, woodlands",,37,10.895,13.118,1641,,
942,Tsuga canadensis,Eastern hemlock,plant,Native,"Anthropogenic (man-made or disturbed habitats), forest edges, forests, talus and rocky slopes, wetland margins (edges of wetlands)",,104,5.217,0.578,2154,,
100,Asclepias syriaca,Common milkweed,plant,Native,"Anthropogenic (man-made or disturbed habitats), forest edges, meadows and fields",,161,8.354,5.174,5219,,
813,Rhus typhina,staghorn sumac,plant,Native,"Anthropogenic (man-made or disturbed habitats), forest edges, meadows and fields",,143,11.105,5.672,1936,,
812,Rhus glabra,smooth sumac,plant,Native,"Anthropogenic (man-made or disturbed habitats), forest edges, meadows and fields",,18,6.234,2.913,533,,
920,Toxicodendron radicans,Poison ivy,plant,Native,"Anthropogenic (man-made or disturbed habitats), forests",,204,9.02,7.326,4541,,
521,Liriodendron tulipifera,tuliptree,plant,Native,"Anthropogenic (man-made or disturbed habitats), forests",,23,12.467,5.751,2964,,
393,Geranium maculatum,wild geranium,plant,Native,"Anthropogenic (man-made or disturbed habitats), forests, meadows and fields",,64,3.183,1.684,1564,,
267,Dennstaedtia punctilobula,eastern hay scented fern,plant,Native,"Anthropogenic (man-made or disturbed habitats), forests, meadows and fields, talus and rocky slopes",,36,1.586,0.654,430,,
101,Asclepias tuberosa,Butterfly milkweed,plant,Native,"Anthropogenic (man-made or disturbed habitats), grassland, meadows and fields",,21,12.663,2.857,1689,,
226,Comptonia peregrina,sweetfern,plant,Native,"Anthropogenic (man-made or disturbed habitats), grassland, meadows and fields, woodlands",,47,2.898,0.445,534,,
966,Verbena hastata,blue vervain,plant,Native,"Anthropogenic (man-made or disturbed habitats), marshes, meadows and fields, shores of rivers or lakes, wetland margins (edges of wetlands)",,31,8.853,2.196,702,,
42,Ambrosia artemisiifolia,common ragweed,plant,Native,"Anthropogenic (man-made or disturbed habitats), meadows and fields",,18,11.96,7.791,795,,
720,Pinus resinosa,red pine,plant,Native,"Anthropogenic (man-made or disturbed habitats), ridges or ledges, wetland margins (edges of wetlands), woodlands",Planted,21,3.855,0.55,519,,
176,Cephalanthus occidentalis,Common buttonbush,plant,Native,"Anthropogenic (man-made or disturbed habitats), riverine (in rivers or streams), shores of rivers or lakes, swamps, wetland margins (edges of wetlands)",,53,3.736,1.885,1371,,
147,Calystegia sepium,Hedge false bindweed ,plant,Native,"Anthropogenic (man-made or disturbed habitats), brackish or salt marshes and flats, coastal beaches (sea beaches), marshes, meadows and fields, shores of rivers or lakes, wetland margins (edges of wetlands)",,24,8.325,6.585,467,,
781,Pteridium aquilinum,bracken fern,plant,Native,"Anthropogenic (man-made or disturbed habitats), forest edges, forests, meadows and fields, woodlands",,70,2.006,0.455,1369,,
722,Pinus strobus,Eastern White pine,plant,Native,"Anthropogenic (man-made or disturbed habitats), forest edges, forests, swamps, woodlands",,407,6.418,1.367,4125,,
266,Dendrolycopodium obscurum,Princess pine,plant,Native,"Anthropogenic (man-made or disturbed habitats), forest edges, forests, woodlands",,74,1.588,0.973,403,,
710,Phytolacca americana,American pokeweed,plant,Native,"Anthropogenic (man-made or disturbed habitats), forest edges, meadows and fields",,170,13.913,13.913,3300,,
451,Impatiens capensis,Spotted touch-me-not,plant,Native,"Anthropogenic (man-made or disturbed habitats), forests, shores of rivers or lakes, swamps, wetland margins (edges of wetlands)",,96,4.234,1.94,2428,,
675,Parthenocissus quinquefolia,virginia creeper,plant,Native,"Anthropogenic (man-made or disturbed habitats), forests, shores of rivers or lakes, talus and rocky slopes",,69,8.19,8.78,3114,,
563,Maianthemum canadense,Canada mayflower,plant,Native,"Anthropogenic (man-made or disturbed habitats), forests, talus and rocky slopes, woodlands",,220,2.847,0.547,1877,,
327,Erigeron canadensis,Canada flea-bane,plant,Native,"Anthropogenic (man-made or disturbed habitats), meadows and fields",weed,17,12.267,18.251,522,,
90,Arisaema triphyllum,Jack in the pulpit,plant,Native,"Bogs, fens, floodplain (river or stream floodplains), forests, marshes, shores of rivers or lakes, swamps, wetland margins (edges of wetlands)",,81,2.921,1.479,3166,,
958,Vaccinium corymbosum,highbush blueberry,plant,Native,"Bogs, fens, forests, shores of rivers or lakes, swamps, woodlands",,26,1.621,1.349,126,,
867,Solidago sempervirens,Seaside goldenrod,plant,Native,"Coastal beaches (sea beaches), dunes, marshes",,21,2.986,48.373,554,,
60,Anemone quinquefolia,wood anemone,plant,Native,"Floodplain (river or stream floodplains), forest edges, forests, meadows and fields, shores of rivers or lakes",,44,3.575,0.793,639,,
564,Maianthemum racemosum,False solomon's seal,plant,Native,"Floodplain (river or stream floodplains), forests",,32,4.195,0.996,1452,,
123,Betula nigra,River birch,plant,Native,"Floodplain (river or stream floodplains), forests, shores of rivers or lakes, ornamental",Ornamental,36,34.799,9.49,409,,
10,Acer saccharinum,Silver maple,plant,Native,"Floodplain (river or stream floodplains), forests, shores of rivers or lakes, swamps",,21,27.5,8.598,916,,
651,Osmunda regalis,royal fern,plant,Native,"Floodplain (river or stream floodplains), forests, shores of rivers or lakes, swamps, wetland margins (edges of wetlands)",,34,2.74,0.474,722,,
144,Caltha palustris,Marsh marigold,plant,Native,"Floodplain (river or stream floodplains), forests, shores of rivers or lakes, swamps, wetland margins (edges of wetlands)",,21,2.613,0.704,941,,
652,Osmunda spectabilis,Royal fern,plant,Native,"Floodplain (river or stream floodplains), forests, shores of rivers or lakes, swamps, wetland margins (edges of wetlands)",,20,2.52,1.024,327,,
408,Hamamelis virginiana,American witch hazel,plant,Native,"Floodplain (river or stream floodplains), forests, swamps, talus and rocky slopes",,39,5.935,1.175,940,,
11,Acer saccharum,sugar maple,plant,Native,"Floodplain (river or stream floodplains), forests, talus and rocky slopes",,37,10.792,0.942,1565,,
835,Sanguinaria canadensis,blood root,plant,Native,"Floodplain (river or stream floodplains), forests, talus and rocky slopes, woodlands",,18,2.492,1.827,2488,,
729,Platanus occidentalis,American sycamore,plant,Native,"Floodplain (river or stream floodplains), shores of rivers or lakes, swamps",,23,37.093,7.308,1975,,
124,Betula papyrifera,paper birch,plant,Native,"Forest edges, forests",,69,5.53,0.47,1063,,
165,Castanea dentata,American Chestnut,plant,Native,"Forest edges, forests",,69,1.631,0.719,397,,
9,Acer rubrum,Red maple,plant,Native,"Forest edges, forests, meadows and fields, shores of rivers or lakes, swamps, wetland margins (edges of wetlands), woodlands, anthropogenic",,117,5.192,1.84,2835,,
125,Betula populifolia,grey birch,plant,Native,"Forest edges, forests, meadows and fields, shrublands or thickets, wetland margins (edges of wetlands), woodlands",,44,7.158,1.03,343,,
761,Populus tremuloides,Quaking aspen,plant,Native,"Forest edges, forests, meadows and fields, shrublands or thickets, woodlands",,26,6.072,0.664,660,,
469,Kalmia latifolia,Mountain laurel,plant,Native,"Forest edges, forests, meadows and fields, swamps, wetland margins (edges of wetlands), woodlands",,27,5.935,0.721,919,,
121,Betula alleghaniensis,Yellow birch,plant,Native,"Forest edges, forests, swamps",,36,1.163,0.29,1022,,
75,Aralia nudicaulis,Wild sarsaparilla,plant,Native,"Forest edges, forests, woodlands",,36,3.223,0.329,1014,,
605,Monotropa uniflora,Indian Pipe,plant,Native,Forests,,124,2.788,0.585,1705,,
598,Mitchella repens,Partridgeberry,plant,Native,Forests,,103,1.591,0.635,1633,,
554,Lysimachia borealis,Starflower,plant,Native,Forests,,91,1.808,0.342,1113,,
366,Fagus grandifolia,American beech,plant,Native,Forests,no,90,2.371,1.312,3203,,
557,Lysimachia quadrifolia,whorled loosestrife,plant,Native,Forests,,33,2.961,0.594,375,,
122,Betula lenta,cherry birch,plant,Native,Forests,,28,5.891,1.217,239,,
449,Ilex opaca,Holly,plant,Native,Forests,,28,2.252,4.75,1641,,
576,Medeola virginiana,Indian cucumber root,plant,Native,Forests,,26,1.56,0.31,657,,
859,Smilax rotundifolia,Common greenbrier,plant,Native,"Forests, meadows and fields, shores of rivers or lakes, woodlands",,65,2.631,4.225,716,,
466,Juniperus virginiana,eastern red cedar,plant,Native,"Forests, meadows and fields, woodlands",,122,16.22,2.872,2039,,
164,Carya ovata,Shagbark hickory,plant,Native,"Forests, ridges or ledges, woodlands",,28,11.594,1.501,663,,
653,Osmundastrum cinnamomeum,cinnamon fern,plant,Native,"Forests, shores of rivers or lakes, swamps, wetland margins (edges of wetlands)",,94,2.52,0.656,1305,,
213,Claytosmunda claytoniana,Interupted ferns,plant,Native,"Forests, shores of rivers or lakes, swamps, wetland margins (edges of wetlands)",,26,1.197,0.337,777,,
754,Polystichum acrostichoides,Christmas fern,plant,Native,"Forests, talus and rocky slopes",,21,1.522,1.396,2578,,
654,Ostrya virginiana,hop-hornbeam,plant,Native,"Forests, talus and rocky slopes, woodlands",,11,2.426,0.679,797,,
193,Chimaphila maculata,spotted wintergreen,plant,Native,"Forests, woodlands",,196,2.631,1.364,1364,,
974,Viburnum acerifolium,Mapleleaf viburnum,plant,Native,"Forests, woodlands",,63,2.157,1.224,768,,
797,Quercus rubra,Red oak,plant,Native,"Forests, woodlands",,59,8.058,1.16,2052,,
798,Quercus velutina,Black oak,plant,Native,"Forests, woodlands",,20,3.991,1.666,359,,
756,Pontederia cordata,pickerelweed,plant,Native,"Lacustrine (in lakes or ponds), riverine (in rivers or streams)",,40,3.013,2.289,991,,
636,Nymphaea odorata,White water lily,plant,Native,"Lacustrine (in lakes or ponds), riverine (in rivers or streams)",,30,2.431,0.798,593,,
99,Asclepias incarnata,swamp milkweed,plant,Native,"Marshes, meadows and fields, shores of rivers or lakes, swamps, wetland margins (edges of wetlands)",,34,1.64,1.973,1272,,
647,Onoclea sensibilis,Sensitive fern,plant,Native,"Meadows and fields, wetlads",no,174,3.91,1.149,3147,,
216,Clethra alnifolia,Sweet pepperbush,plant,Native,"Ridges or ledges, shores of rivers or lakes, swamps, woodlands",,80,1.88,2.014,407,,
450,Ilex verticillata,Common winterberry,plant,Native,"Shores of rivers or lakes, swamps, wetland margins (edges of wetlands)",,37,2.84,0.618,584,,
520,Liquidambar styraciflua,Sweet gum,plant,Native,"Swamps, wetland margins (edges of wetlands)",,24,27.915,9.274,2526,,
721,Pinus rigida,Pitch pine,plant,Native,"Wetland margins (edges of wetlands), woodlands",,45,3.223,3.094,931,,
895,Symplocarpus foetidus,Eastern skunk cabbage,plant,Native,Wetlands,,411,5.085,4.148,2270,,
531,Lobelia cardinalis,Cardinal flower,plant,Native,Wetlands,,23,1.445,1.21,985,,
303,Echinocystis lobata,,,,,,17,8.306,1.929,425,,
375,Forficula auricularia,,,,,,17,11.852,8.98,177,,
379,Fraxinus americana,,,,,,17,3.056,0.641,751,,
395,Geum canadense,,,,,,17,13.928,6.606,633,,
491,Leptoglossus occidentalis,,,,,,17,7.501,3.098,223,,
496,Leucanthemum vulgare,,,,,,17,3.056,1.405,947,,
580,Megacyllene robiniae,,,,,,17,9.385,8.297,205,,
606,Morella pensylvanica,,,,,,17,1.944,0.929,236,,
673,Parathelypteris noveboracensis,,,,,,17,1.615,0.947,497,,
771,Prionus laticollis,,,,,,17,2.809,1.418,189,,
776,Prunella vulgaris,,,,,,17,7.566,0.929,1469,,
872,Sphex ichneumoneus,,,,,,17,2.936,8.141,383,,
946,Typocerus velutinus,,,,,,17,5.241,1.155,306,,
948,Ulmus americana,,,,,,17,2.99,3.426,743,,
188,Chauliognathus pensylvanicus,,,,,,16,6.381,4.655,519,,
286,Dolichovespula maculata,,,,,,16,3.603,5.431,571,,
328,Erigeron strigosus,,,,,,16,6.445,1.706,331,,
438,Hypercompe scribonia,,,,,,16,2.466,1.992,644,,
455,Iris pseudacorus,,,,,,16,5.647,7.498,543,,
505,Libellula incesta,,,,,,16,5.925,0.76,802,,
509,Libellula pulchella,,,,,,16,2.265,1.514,862,,
510,Libellula semifasciata,,,,,,16,2.285,2.016,232,,
519,Lindera benzoin,,,,,,16,4.317,7.595,1181,,
572,Martes pennanti,,,,,,16,1.863,0.596,112,,
876,Spiraea alba,,,,,,16,1.143,0.328,678,,
897,Syringa vulgaris,,,,,,16,13.145,9.16,254,,
929,Trichaptum biforme,,,,,,16,7.771,1.999,351,,
997,Xenox tigrinus,,,,,,16,9.627,9.675,348,,
73,Aquilegia canadensis,,,,,,15,9.538,0.742,1248,,
194,Chimaphila umbellata,,,,,,15,2.667,0.298,175,,
546,Lycogala epidendrum,,,,,,15,5.935,1.825,283,,
553,Lysimachia arvensis,,,,,,15,5.877,11.815,437,,
588,Mephitis mephitis,,,,,,15,14.78,1.63,421,,
893,Symphyotrichum novae-angliae,,,,,,15,10.498,3.55,626,,
914,Thuja occidentalis,,,,,,15,28.249,0.481,1089,,
973,Vespula maculifrons,,,,,,15,23.598,4.818,231,,
21,Aesculus hippocastanum,,,,,,14,8.144,16.107,124,,
143,Calopteryx maculata,,,,,,14,3.501,1.535,1706,,
239,Cornus florida,,,,,,14,12.187,3.504,1225,,
285,Dolichovespula arenaria,,,,,,14,24.883,1.818,106,,
386,Galium aparine,,,,,,14,30.827,16.209,741,,
458,Ischnura posita,,,,,,14,6.484,2.833,978,,
473,Lactuca serriola,,,,,,14,13.805,36.661,335,,
591,Metcalfa pruinosa,,,,,,14,10.047,8.792,369,,
671,Papilio troilus,,,,,,14,2.162,1.565,1224,,
742,Polistes fuscatus,,,,,,14,1.424,5.755,494,,
764,Potentilla argentea,,,,,,14,7.885,3.563,162,,
807,Rhododendron maximum,,,,,,14,3.582,0.538,328,,
871,Sphecius speciosus,,,,,,14,6.973,17.412,344,,
873,Sphex pensylvanicus,,,,,,14,6.31,9.909,214,,
884,Storeria dekayi,,,,,,14,3.961,4.691,1031,,
975,Viburnum dentatum,,,,,,14,1.663,6.049,337,,
7,Acer pensylvanicum,,,,,,13,3.248,0.27,994,,
41,Amanita muscaria,,,,,,13,5.935,0.789,231,,
55,Anax junius,,,,,,13,3.973,2.841,901,,
108,Atteva aurea,,,,,,13,5.828,10.54,1516,,
274,Diadophis punctatus,,,,,,13,3.124,0.899,544,,
279,Didelphis virginiana,,,,,,13,13.928,4.411,866,,
298,Dryopteris marginalis,,,,,,13,3.934,0.497,478,,
320,Equisetum arvense,,,,,,13,2.84,1.371,434,,
323,Erechtites hieraciifolia,,,,,,13,10.394,6.638,490,,
332,Erodium cicutarium,,,,,,13,28.327,29.512,120,,
382,Fuligo septica,,,,,,13,11.426,3.766,242,,
427,Hormaphis hamamelidis,,,,,,13,9.528,7.355,136,,
478,Lampropeltis triangulum,,,,,,13,1.755,0.656,348,,
484,Lathyrus japonicus,,,,,,13,1.576,0.376,177,,
487,Lemna minor,,,,,,13,3.38,2.819,140,,
558,Lysimachia terrestris,,,,,,13,1.528,0.303,319,,
601,Monarda fistulosa,,,,,,13,13.412,3.326,1359,,
633,Nuttallanthus canadensis,,,,,,13,1.825,1.294,268,,
683,Peltandra virginica,,,,,,13,2.141,2.555,235,,
752,Polypodium virginianum,,,,,,13,1.505,0.334,494,,
753,Polyporus squamosus,,,,,,13,10.137,3.975,1009,,
836,Saponaria officinalis,,,,,,13,8.879,1.817,520,,
956,Uvularia sessilifolia,,,,,,13,2.096,0.422,341,,
48,Amorpha fruticosa,,,,,,12,10.386,5.702,192,,
107,Athyrium filix-femina,,,,,,12,2.799,0.567,437,,
129,Blarina brevicauda,,,,,,12,3.88,2.24,188,,
133,Bombus bimaculatus,,,,,,12,15.028,6.662,758,,
220,Coleomegilla maculata,,,,,,12,5.657,4.398,517,,
299,Dysdera crocata,,,,,,12,14.84,19.616,111,,
307,Elkalyce comyntas,,,,,,12,3.392,2.658,1157,,
401,Gymnosporangium juniperi-virginianae,,,,,,12,1.953,2.048,265,,
418,Hemerocallis fulva,,,,,,12,6.984,4.39,402,,
497,Leucauge venusta,,,,,,12,9.222,5.772,482,,
577,Medicago lupulina,,,,,,12,12.216,16.163,664,,
584,Melilotus albus,,,,,,12,16.934,2.756,736,,
618,Nelumbo lutea,,,,,,12,1.082,1.126,135,,
644,Oncopeltus fasciatus,,,,,,12,1.697,11.374,1166,,
875,Spilosoma virginica,,,,,,12,7.329,1.767,666,,
918,Tilia americana,,,,,,12,10.729,1.678,1063,,
943,Tussilago farfara,,,,,,12,14.973,0.804,1262,,
127,Bidens frondosa,,,,,,11,6.127,6.076,152,,
148,Campaea perlata,,,,,,11,1.621,0.768,594,,
173,Celithemis eponina,,,,,,11,3.952,1.559,854,,
180,Cercyonis pegala,,,,,,11,2.397,0.689,481,,
209,Cirsium arvense,,,,,,11,4.519,7.842,969,,
357,Euptychia cymela,,,,,,11,2.397,1.135,560,,
383,Galanthus nivalis,,,,,,11,21.924,13.078,195,,
398,Goodyera pubescens,,,,,,11,1.177,0.38,655,,
445,Idia aemula,,,,,,11,2.331,1.713,549,,
468,Kalmia angustifolia,,,,,,11,1.179,0.344,417,,
535,Lonicera morrowii,,,,,,11,1.658,2.035,183,,
541,Lucilia sericata,,,,,,11,22.106,16.355,108,,
629,Noctua pronuba,,,,,,11,2.81,2.101,399,,
660,Pachysandra terminalis,,,,,,11,30.956,11.582,151,,
759,Populus deltoides,,,,,,11,10.108,12.753,719,,
765,Potentilla canadensis,,,,,,11,3.679,2.533,158,,
796,Quercus palustris,,,,,,11,26.369,14.07,240,,
850,Silene flos-cuculi,,,,,,11,1.627,0.845,134,,
864,Solidago caesia,,,,,,11,9.585,1.258,245,,
922,Toxomerus geminatus,,,,,,11,13.928,7.014,431,,
63,Anthrenus verbasci,,,,,,10,20.837,18.244,107,,
281,Diphasiastrum digitatum,,,,,,10,1.287,0.511,596,,
448,Ilex glabra,,,,,,10,3.845,0.949,239,,
456,Iris versicolor,,,,,,10,1.897,0.38,517,,
457,Irpex lacteus,,,,,,10,16.788,8.912,155,,
461,Jikradia olitorius,,,,,,10,12.126,9.241,100,,
494,Lestes rectangularis,,,,,,10,2.111,2.098,343,,
617,Necrophila americana,,,,,,10,2.43,1.298,446,,
637,Nymphalis antiopa,,,,,,10,4.476,1.375,522,,
682,Pelidnota punctata,,,,,,10,17.147,8.253,444,,
701,Philanthus gibbosus,,,,,,10,27.564,12.808,109,,
724,Pisaurina mira,,,,,,10,2.826,1.63,315,,
766,Potentilla indica,,,,,,10,8.42,13.13,1415,,
770,Prenolepis imparis,,,,,,10,30.956,25.922,110,,
839,Sceliphron caementarium,,,,,,10,10.341,9.996,338,,
845,Scopula limboundata,,,,,,10,2.331,0.815,512,,
928,Tremella mesenterica,,,,,,10,3.635,1.575,149,,
26,Ageratina altissima,,,,,,9,24.883,21.198,6545,,
45,Amelanchier arborea,,,,,,9,1.187,1.182,125,,
62,Anthidium manicatum,,,,,,9,22.106,42.725,207,,
67,Apios americana,,,,,,9,1.528,1.134,323,,
84,Argiope aurantia,,,,,,9,1.825,2.408,1437,,
126,Bicyrtes quadrifasciatus,,,,,,9,9.564,7.913,133,,
155,Capnoides sempervirens,,,,,,9,5.241,0.253,207,,
177,Cerastium fontanum,,,,,,9,11.312,5.478,161,,
219,Coenonympha tullia,,,,,,9,1.825,0.898,344,,
300,Ecdytolopha insiticiana,,,,,,9,3.58,0.768,105,,
338,Erythronium americanum,,,,,,9,9.716,1.5,1819,,
387,Galium mollugo,,,,,,9,7.046,1.558,160,,
415,Heliomata cycladata,,,,,,9,1.621,0.851,146,,
465,Juniperus communis,,,,,,9,1.848,0.319,326,,
467,Junonia coenia,,,,,,9,2.986,3.351,1644,,
513,Limax maximus,,,,,,9,31.213,11.452,420,,
548,Lycoperdon pyriforme,,,,,,9,5.645,2.199,328,,
550,Lygaeus kalmii,,,,,,9,29.135,6.373,281,,
551,Lygaeus turcicus,,,,,,9,17.735,10.9,192,,
561,Maevia inclemens,,,,,,9,2.2,1.621,109,,
573,Matricaria discoidea,,,,,,9,22.106,10.462,427,,
749,Polygonia interrogationis,,,,,,9,22.064,3.884,965,,
788,Pyrola americana,,,,,,9,19.203,2.867,119,,
819,Rubus flagellaris,,,,,,9,1.627,1.509,100,,
852,Silene vulgaris,,,,,,9,7.515,0.779,438,,
866,Solidago rugosa,,,,,,9,3.122,0.604,264,,
913,Thelypteris palustris,,,,,,9,2.84,0.437,244,,
969,Veronica officinalis,,,,,,9,2.301,0.713,295,,
38,Alnus incana,,,,,,8,2.093,0.298,372,,
80,Arctium minus,,,,,,8,14.327,11.448,333,,
81,Argia apicalis,,,,,,8,2.567,1.842,479,,
114,Baptisia tinctoria,,,,,,8,3.265,0.973,121,,
233,Coptis trifolia,,,,,,8,1.197,0.215,569,,
237,Cornus amomum,,,,,,8,2.921,2.598,161,,
261,Datura stramonium,,,,,,8,6.563,15.653,207,,
280,Diervilla lonicera,,,,,,8,8.52,0.282,394,,
297,Dryopteris intermedia,,,,,,8,1.601,0.367,430,,
318,Epipactis helleborine,,,,,,8,6.426,0.421,584,,
340,Euchaetes egle,,,,,,8,2.147,1.703,927,,
376,Fragaria vesca,,,,,,8,22.015,1.11,345,,
389,Ganoderma resinaceum,,,,,,8,33.203,33.268,156,,
407,Halysidota tessellaris,,,,,,8,4.059,1.109,894,,
417,Hemaris thysbe,,,,,,8,5.834,2.059,517,,
442,Hypoxis hirsuta,,,,,,8,4.312,0.78,263,,
447,Idia lubricalis,,,,,,8,2.331,1.073,203,,
471,Labidomera clivicollis,,,,,,8,5.221,5.069,504,,
503,Libellula cyanea,,,,,,8,1.188,0.567,243,,
543,Lunaria annua,,,,,,8,5.82,9.518,116,,
582,Melanoplus differentialis,,,,,,8,8.853,10.274,374,,
583,Melanoplus punctulatus,,,,,,8,7.792,2.077,116,,
593,Microcrambus elegans,,,,,,8,3.58,1.319,573,,
624,Neovison vison,,,,,,8,2.168,2.694,357,,
662,Palthis angulalis,,,,,,8,1.377,1.347,383,,
665,Panicum clandestinum,,,,,,8,1.648,3.737,130,,
677,Pasiphila rectangulata,,,,,,8,1.133,2.086,194,,
760,Populus grandidentata,,,,,,8,1.953,0.496,461,,
811,Rhus copallina,,,,,,8,1.167,1.904,762,,
833,Salticus scenicus,,,,,,8,11.756,12.51,306,,
834,Sambucus canadensis,,,,,,8,3.96,3.826,846,,
843,Scleroderma citrinum,,,,,,8,1.363,1.218,144,,
844,Scoparia biplagialis,,,,,,8,1.133,0.708,198,,
863,Solidago bicolor,,,,,,8,3.888,0.484,113,,
882,Stereum ostrea,,,,,,8,6.739,2.881,335,,
909,Thalictrum pubescens,,,,,,8,1.732,0.335,301,,
963,Veratrum viride,,,,,,8,2.416,0.274,355,,
2,Abutilon theophrasti,,,,,,7,43.544,9.971,263,,
16,Actaea pachypoda,,,,,,7,2.957,0.425,580,,
18,Adelges tsugae,,,,,,7,7.496,0.634,138,,
20,Aegopodium podagraria,,,,,,7,20.821,3.476,353,,
30,Ajuga reptans,,,,,,7,6.498,7.2,244,,
33,Alcis porcelaria,,,,,,7,1.621,1.11,198,,
39,Alypia octomaculata,,,,,,7,1.714,2.388,352,,
82,Argia fumipennis,,,,,,7,1.621,1.081,659,,
89,Arion subfuscus,,,,,,7,2.445,1.287,102,,
104,Asplenium platyneuron,,,,,,7,1.548,1.877,934,,
106,Athyrium asplenioides,,,,,,7,3.346,1.142,133,,
119,Berberis vulgaris,,,,,,7,24.596,0.606,112,,
190,Chelone glabra,,,,,,7,5.378,0.52,436,,
231,Coprinellus micaceus,,,,,,7,18.361,23.177,199,,
234,Corbicula fluminea,,,,,,7,32.032,5.215,201,,
288,Dolomedes triton,,,,,,7,2.397,2.093,214,,
295,Dryopteris carthusiana,,,,,,7,2.078,1.405,217,,
304,Ectropis crepuscularia,,,,,,7,1.133,0.795,300,,
326,Erigeron annuus,,,,,,7,10.498,4.954,231,,
390,Ganoderma tsugae,,,,,,7,12.674,0.363,232,,
416,Hemaris diffinis,,,,,,7,1.742,2.91,604,,
440,Hypopitys monotropa,,,,,,7,1.24,0.356,202,,
446,Idia americalis,,,,,,7,2.331,1.36,474,,
486,Leiobunum vittatum,,,,,,7,5.762,2.347,163,,
514,Limenitis archippus,,,,,,7,1.36,1.448,915,,
517,Limonium carolinianum,,,,,,7,4.03,0.787,101,,
523,Lithacodia carneola,,,,,,7,1.825,0.824,438,,
565,Maianthemum stellatum,,,,,,7,0.394,0.673,468,,
570,Mantis religiosa,,,,,,7,1.714,4.456,204,,
612,Mythimna unipuncta,,,,,,7,2.331,2.174,549,,
648,Orgyia leucostigma,,,,,,7,1.805,2.072,703,,
649,Ornithogalum umbellatum,,,,,,7,18.118,10.9,481,,
688,Persicaria longiseta,,,,,,7,5.535,12.121,226,,
700,Phigalia titea,,,,,,7,1.133,0.782,136,,
707,Physcia millegrana,,,,,,7,34.799,34.799,134,,
746,Polygonatum biflorum,,,,,,7,3.248,2.178,422,,
769,Potentilla simplex,,,,,,7,2.397,1.505,268,,
780,Ptelea trifoliata,,,,,,7,12.375,3.012,144,,
860,Solanum carolinense,,,,,,7,39.822,3.678,902,,
870,Speyeria cybele,,,,,,7,1.714,0.788,752,,
905,Tetracis cachexiata,,,,,,7,1.621,0.768,176,,
934,Trifolium hybridum,,,,,,7,5.135,3.041,197,,
968,Veronica arvensis,,,,,,7,17.884,17.761,270,,
979,Viburnum opulus,,,,,,7,19.625,3.017,394,,
3,Acalypha virginica,,,,,,6,11.653,38.317,177,,
5,Acanthocephala terminalis,,,,,,6,4.301,3.856,232,,
31,Alaus oculatus,,,,,,6,1.787,3.007,470,,
40,Amanita flavoconia,,,,,,6,2.692,0.45,138,,
70,Apocynum androsaemifolium,,,,,,6,12.616,0.407,369,,
103,Asparagus officinalis,,,,,,6,1.593,1.182,175,,
113,Baptisia australis,,,,,,6,2.397,9.706,165,,
185,Chauliodes pectinicornis,,,,,,6,2.317,0.768,123,,
208,Circaea canadensis,,,,,,6,8.452,1.291,317,,
212,Cladonia cristatella,,,,,,6,1.225,0.502,242,,
218,Coccinella septempunctata,,,,,,6,1.752,6.722,634,,
223,Coluber constrictor,,,,,,6,2.376,1.167,734,,
232,Coprinus comatus,,,,,,6,9.111,3.249,214,,
242,Cornus sericea,,,,,,6,3.477,2.031,682,,
284,Doellingeria umbellata,,,,,,6,1.18,0.329,256,,
331,Eristalis transversa,,,,,,6,13.295,8.147,348,,
352,Euphydryas phaeton,,,,,,6,2.502,1.024,185,,
361,Euthamia graminifolia,,,,,,6,2.932,0.669,336,,
385,Galinsoga quadriradiata,,,,,,6,47.382,47.159,189,,
400,Grifola frondosa,,,,,,6,6.264,5.058,109,,
437,Hypena scabra,,,,,,6,1.621,3.185,868,,
472,Lacinipolia renigera,,,,,,6,2.331,0.827,444,,
492,Lespedeza capitata,,,,,,6,0.755,1.925,268,,
498,Leucobryum glaucum,,,,,,6,1.387,0.426,143,,
515,Limenitis arthemis,,,,,,6,1.424,0.758,1425,,
556,Lysimachia nummularia,,,,,,6,2.081,2.857,480,,
569,Manduca sexta,,,,,,6,6.943,5.419,351,,
581,Melanoplus bivittatus,,,,,,6,1.556,0.752,280,,
585,Melilotus officinalis,,,,,,6,15.038,7,423,,
589,Mertensia virginica,,,,,,6,7.598,4.884,1297,,
596,Mimulus ringens,,,,,,6,1.658,0.89,422,,
603,Monobia quadridens,,,,,,6,5.56,5.199,292,,
607,Morus alba,,,,,,6,20.774,21.905,713,,
632,Nuphar variegata,,,,,,6,4.02,0.289,191,,
650,Orthosoma brunneum,,,,,,6,6.798,1.287,180,,
689,Persicaria maculosa,,,,,,6,10.796,17.186,157,,
716,Pilea pumila,,,,,,6,4.348,2.301,375,,
745,Polygaloides paucifolia,,,,,,6,1.467,0.311,372,,
775,Propylaea quatuordecimpunctata,,,,,,6,3.771,7.984,166,,
779,Pseudognaphalium obtusifolium,,,,,,6,7.312,1.009,125,,
791,Pyrus calleryana,,,,,,6,26.869,20.312,413,,
830,Sagittaria latifolia,,,,,,6,1.548,1.403,388,,
869,Speranza pustularia,,,,,,6,2.078,0.827,549,,
877,Spiraea tomentosa,,,,,,6,1.13,0.29,346,,
939,Trillium grandiflorum,,,,,,6,13.843,1.015,1382,,
944,Typha angustifolia,,,,,,6,3.745,2.637,189,,
951,Urocyon cinereoargenteus,,,,,,6,1.256,1.256,242,,
954,Utricularia macrorhiza,,,,,,6,1.047,0.633,202,,
967,Verbena urticifolia,,,,,,6,3.772,6.49,346,,
22,Aeshna constricta,,,,,,5,5.679,1.353,133,,
52,Amphion floridensis,,,,,,5,37.959,7.663,137,,
58,Ancyloxypha numitor,,,,,,5,1.119,1.702,498,,
66,Aphomia sociella,,,,,,5,2.331,1.559,116,,
78,Araneus diadematus,,,,,,5,15.856,10.395,254,,
87,Argyrotaenia quercifoliana,,,,,,5,1.133,1.622,126,,
132,Boisea trivittata,,,,,,5,23.243,10.642,393,,
140,Brasenia schreberi,,,,,,5,1.808,0.29,213,,
151,Campsis radicans,,,,,,5,7.229,6.113,987,,
152,Candelaria concolor,,,,,,5,9.534,40.265,299,,
154,Cantharellus cinnabarinus,,,,,,5,2.072,1.011,219,,
160,Carex pensylvanica,,,,,,5,1.764,2.599,128,,
182,Chamaedaphne calyculata,,,,,,5,1.012,0.24,348,,
186,Chauliodes rastricornis,,,,,,5,1.133,1.183,222,,
207,Cicuta maculata,,,,,,5,1.761,1.202,201,,
214,Clematis terniflora,,,,,,5,29.08,21.536,281,,
215,Clematis virginiana,,,,,,5,87.166,0.636,439,,
222,Colias philodice,,,,,,5,8.853,1.575,455,,
228,Conopholis americana,,,,,,5,9.716,0.59,582,,
244,Corylus cornuta,,,,,,5,2.368,0.307,334,,
270,Desarmillaria tabescens,,,,,,5,1.591,13.734,134,,
294,Dryocampa rubicunda,,,,,,5,1.133,0.757,766,,
315,Epiaeschna heros,,,,,,5,2.458,4.745,195,,
330,Eristalis tenax,,,,,,5,13.913,1.518,160,,
348,Eupatorium perfoliatum,,,,,,5,2.615,0.951,614,,
470,Krigia virginica,,,,,,5,6.172,0.991,111,,
499,Leuconycta diphteroides,,,,,,5,1.621,0.795,492,,
516,Limenitis astyanax,,,,,,5,2.6,1.847,1141,,
526,Lithacodia synochitis,,,,,,5,1.825,0.795,334,,
533,Lonicera japonica,,,,,,5,9.506,9.459,1478,,
575,Meconema thalassinum,,,,,,5,4.772,6.165,104,,
599,Mollugo verticillata,,,,,,5,32.965,38.714,168,,
638,Nyssa sylvatica,,,,,,5,1.714,1.914,318,,
684,Penstemon digitalis,,,,,,5,1.483,5.094,444,,
693,Phaeolus schweinitzii,,,,,,5,1.519,0.947,106,,
717,Pilosella aurantiaca,,,,,,5,1.553,0.375,651,,
728,Plantago rugelii,,,,,,5,16.075,22.711,420,,
774,Prolimacodes badia,,,,,,5,4.519,0.778,168,,
794,Quercus coccinea,,,,,,5,2.84,2.832,124,,
810,Rhus aromatica,,,,,,5,8.926,1.226,301,,
831,Salix discolor,,,,,,5,10.755,1.193,123,,
883,Sternotherus odoratus,,,,,,5,2.582,2.347,254,,
887,Strymon melinus,,,,,,5,5.014,2.861,535,,
931,Trichostema dichotomum,,,,,,5,2.582,1.057,118,,
964,Verbascum blattaria,,,,,,5,34.799,7.455,254,,
981,Vicia villosa,,,,,,5,1.381,3.75,291,,
4,Acanalonia conica,,,,,,4,16.868,12.749,153,,
17,Actias luna,,,,,,4,2.314,0.94,1365,,
27,Agrochola bicolorago,,,,,,4,3.166,1.262,176,,
37,Alnus glutinosa,,,,,,4,29.704,2.072,118,,
46,Ammophila breviligulata,,,,,,4,2.289,0.714,100,,
61,Antheraea polyphemus,,,,,,4,12.331,4.296,1075,,
86,Argyria nivalis,,,,,,4,2.078,0.93,256,,
109,Augochlora pura,,,,,,4,11.291,5.156,245,,
120,Berteroa incana,,,,,,4,1.222,2.11,231,,
128,Bittacomorpha clavipes,,,,,,4,3.485,2.159,108,,
149,Campanula rapunculoides,,,,,,4,9.021,9.32,222,,
227,Conocephalus brevipennis,,,,,,4,5.763,3.799,132,,
250,Crucibulum laeve,,,,,,4,24.278,9.654,159,,
251,Cucullia convexipennis,,,,,,4,1.623,0.914,124,,
264,Delphinia picta,,,,,,4,24.41,26.597,276,,
292,Drosera intermedia,,,,,,4,1.991,0.254,188,,
302,Echinacea purpurea,,,,,,4,22.135,9.515,488,,
313,Enallagma signatum,,,,,,4,17.91,3.326,323,,
319,Epitheca princeps,,,,,,4,1.848,1.339,223,,
343,Eudryas unio,,,,,,4,2.08,1.16,253,,
353,Euphyes vestris,,,,,,4,22.862,0.755,347,,
362,Eutrochium maculatum,,,,,,4,10.159,0.646,458,,
373,Fomes fomentarius,,,,,,4,3.026,0.378,161,,
377,Fragaria virginiana,,,,,,4,7.042,0.963,512,,
388,Ganoderma applanatum,,,,,,4,28.953,2.268,225,,
392,Gaylussacia baccata,,,,,,4,1.238,0.341,199,,
414,Helianthus divaricatus,,,,,,4,11.96,0.807,131,,
444,Idaea dimidiata,,,,,,4,1.972,1.077,201,,
454,Iridopsis larvaria,,,,,,4,1.225,0.768,221,,
481,Lapsana communis,,,,,,4,7.52,2.739,146,,
493,Lestes congener,,,,,,4,5.679,3.071,169,,
512,Lilium canadense,,,,,,4,2.07,0.499,109,,
532,Lobelia inflata,,,,,,4,1.055,0.913,388,,
544,Lupinus polyphyllus,,,,,,4,12.376,1.056,103,,
574,Matteuccia struthiopteris,,,,,,4,1.881,0.867,703,,
600,Monarda didyma,,,,,,4,1.864,0.963,197,,
604,Monochamus scutellatus,,,,,,4,1.133,0.392,324,,
608,Mydas clavatus,,,,,,4,12.952,6.543,114,,
630,Nomophila nearctica,,,,,,4,2.397,3.412,364,,
631,Notophthalmus viridescens,,,,,,4,0.979,0.346,1609,,
639,Ochropleura implecta,,,,,,4,2.331,0.768,302,,
661,Packera aurea,,,,,,4,3.668,1.929,328,,
669,Papilio cresphontes,,,,,,4,17.877,1.576,867,,
672,Parasteatoda tepidariorum,,,,,,4,8.369,6.344,103,,
679,Patalene olyzonaria,,,,,,4,3.447,1.722,253,,
723,Pinus sylvestris,,,,,,4,1.668,1.621,199,,
733,Pleuroprucha insulsaria,,,,,,4,3.173,4.736,328,,
735,Plutella xylostella,,,,,,4,3.457,2.93,253,,
772,Prochoerodes lineola,,,,,,4,1.133,0.768,562,,
786,Pyralis farinalis,,,,,,4,19.422,4.399,162,,
795,Quercus montana,,,,,,4,2.774,1.002,470,,
818,Rubus allegheniensis,,,,,,4,14.434,2.02,278,,
838,Satyrium calanus,,,,,,4,3.317,1.671,260,,
840,Schizachyrium scoparium,,,,,,4,1.018,1.183,270,,
855,Sinapis arvensis,,,,,,4,12.569,16.884,293,,
896,Synchlora aerata,,,,,,4,1.825,0.992,209,,
915,Thymelicus lineola,,,,,,4,3.066,1.029,311,,
947,Udea rubigalis,,,,,,4,26.049,2.747,439,,
970,Veronica serpyllifolia,,,,,,4,15.181,6.998,216,,
14,Acrolophus popeanella,,,,,,3,1.448,3.438,182,,
51,Amphicarpaea bracteata,,,,,,3,1.046,0.987,425,,
53,Amphipyra pyramidoides,,,,,,3,2.606,0.768,233,,
83,Argia translata,,,,,,3,2.366,2.366,127,,
88,Argyrotaenia velutinana,,,,,,3,4.014,0.777,318,,
94,Artemisia campestris,,,,,,3,0.393,0.512,117,,
116,Basiaeschna janata,,,,,,3,2.804,0.445,115,,
131,Boehmeria cylindrica,,,,,,3,1.312,1.947,257,,
136,Bombus perplexus,,,,,,3,11.496,0.99,169,,
142,Calopogon tuberosus,,,,,,3,2.141,0.263,164,,
145,Calvatia gigantea,,,,,,3,34.799,4.03,160,,
161,Carex vulpinoidea,,,,,,3,12.761,0.935,109,,
162,Carpinus caroliniana,,,,,,3,19.442,1.828,700,,
168,Catocala ultronia,,,,,,3,2.331,1.116,140,,
169,Ceanothus americanus,,,,,,3,3.535,0.598,295,,
171,Celastrus scandens,,,,,,3,19.821,0.799,153,,
181,Chamaecrista fasciculata,,,,,,3,7.515,2.456,717,,
184,Charidotella sexpunctata,,,,,,3,5.762,7.359,101,,
202,Chrysoteuchia topiarius,,,,,,3,2.397,0.827,156,,
211,Cisseps fulvicollis,,,,,,3,2.397,1.961,580,,
217,Clinopodium vulgare,,,,,,3,10.593,0.496,204,,
221,Colias eurytheme,,,,,,3,3.3,5.709,448,,
224,Comandra umbellata,,,,,,3,3.097,0.683,205,,
230,Convolvulus arvensis,,,,,,3,2.715,21.695,179,,
235,Coreopsis lanceolata,,,,,,3,6.55,2.39,229,,
236,Cornus alternifolia,,,,,,3,1.763,0.759,402,,
243,Corylus americana,,,,,,3,1.621,1.571,183,,
245,Cosmopepla lintneriana,,,,,,3,13.928,2.811,239,,
247,Cotinis nitida,,,,,,3,6.089,21.156,509,,
252,Cyaniris neglecta,,,,,,3,9.585,3.603,308,,
265,Dendrolycopodium dendroideum,,,,,,3,4.985,0.24,182,,
271,Desmodium canadense,,,,,,3,1.528,1.629,211,,
273,Diabrotica undecimpunctata,,,,,,3,6.934,10.45,550,,
316,Epifagus virginiana,,,,,,3,11.86,0.962,350,,
317,Epigaea repens,,,,,,3,1.68,0.39,490,,
358,Eurosta solidaginis,,,,,,3,1.714,2.446,211,,
368,Feltia herilis,,,,,,3,1.133,0.768,140,,
381,Fraxinus pennsylvanica,,,,,,3,7.074,11.629,331,,
399,Graphocephala coccinea,,,,,,3,15.846,11.584,117,,
406,Halysidota harrisii,,,,,,3,35.085,7.386,227,,
421,Herpetogramma pertextalis,,,,,,3,1.621,1.305,125,,
429,Hyalophora cecropia,,,,,,3,3.056,3.72,312,,
430,Hydrangea quercifolia,,,,,,3,1.621,9.727,281,,
433,Hyles gallii,,,,,,3,1.133,0.596,124,,
436,Hypena baltimoralis,,,,,,3,6.694,0.768,353,,
483,Lascoria ambigualis,,,,,,3,2.81,0.77,298,,
485,Lathyrus latifolius,,,,,,3,40.857,4.956,125,,
522,Lithacodes fasciola,,,,,,3,2.267,0.768,230,,
524,Lithacodia muscosula,,,,,,3,2.81,0.768,338,,
537,Lophocampa caryae,,,,,,3,1.316,0.759,1045,,
547,Lycoperdon perlatum,,,,,,3,5.689,0.991,101,,
560,Machimia tentoriferella,,,,,,3,1.133,0.768,154,,
568,Malva neglecta,,,,,,3,4.214,45.609,179,,
586,Melissodes bimaculata,,,,,,3,25.696,21.108,254,,
614,Nadata gibbosa,,,,,,3,1.133,0.768,559,,
615,Naphrys pulex,,,,,,3,2.81,5.75,105,,
621,Neofavolus alveolaris,,,,,,3,11.687,1.906,167,,
625,Neoxabea bipunctata,,,,,,3,3.617,1.682,133,,
634,Nycterosea obstipata,,,,,,3,1.621,1.961,337,,
635,Nyctobia limitaria,,,,,,3,1.133,0.77,113,,
640,Oclemena acuminata,,,,,,3,1.357,0.225,230,,
674,Parmelia sulcata,,,,,,3,4.214,0.756,101,,
678,Pastinaca sativa,,,,,,3,2.942,0.675,746,,
681,Pedicularis canadensis,,,,,,3,1.764,0.542,378,,
690,Persicaria perfoliata,,,,,,3,1.668,4.681,373,,
691,Persicaria sagittata,,,,,,3,1.498,0.692,176,,
695,Phalaris arundinacea,,,,,,3,1.575,1.876,454,,
714,Picea rubens,,,,,,3,5.135,0.245,289,,
719,Pilosella venosa,,,,,,3,5.645,1.251,183,,
736,Poanes zabulon,,,,,,3,1.959,4.87,746,,
739,Poecilocapsus lineatus,,,,,,3,38.746,8.445,112,,
748,Polygonia comma,,,,,,3,1.714,1.288,841,,
755,Pompeius verna,,,,,,3,3.056,1.957,127,,
758,Populus alba,,,,,,3,0.454,7.786,133,,
789,Pyrola elliptica,,,,,,3,1.316,0.312,167,,
803,Ranunculus repens,,,,,,3,1.748,3.341,144,,
809,Rhodotypos scandens,,,,,,3,8.508,16.167,129,,
820,Rubus idaeus,,,,,,3,6.595,0.696,186,,
848,Sedum acre,,,,,,3,34.842,3.582,103,,
885,Strobilomyces strobilaceus,,,,,,3,1.267,0.824,135,,
890,Sympetrum semicinctum,,,,,,3,2.173,1.122,156,,
902,Taxus canadensis,,,,,,3,3.056,0.278,191,,
906,Tetracis crocallata,,,,,,3,1.621,0.795,151,,
925,Tramea carolina,,,,,,3,2.522,1.759,198,,
938,Trillium cernuum,,,,,,3,2.582,0.408,205,,
950,Umbilicaria mammulata,,,,,,3,2.372,0.255,122,,
994,Xanthium strumarium,,,,,,3,4.467,4.532,279,,
996,Xanthorhoe lacustrata,,,,,,3,1.621,0.827,117,,
999,Xylobolus frustulatus,,,,,,3,20.956,3.867,149,,
1001,Yucca filamentosa,,,,,,3,12.341,1.822,182,,
23,Aeshna tuberculifera,,,,,,2,3.19,0.319,103,,
24,Aeshna umbrosa,,,,,,2,20.239,0.795,211,,
32,Albizia julibrissin,,,,,,2,23.926,11.175,645,,
35,Allium canadense,,,,,,2,1.357,6.105,192,,
74,Aralia hispida,,,,,,2,3.59,0.244,111,,
91,Armadillidium nasatum,,,,,,2,18.159,16.117,144,,
98,Asclepias exaltata,,,,,,2,2.233,0.392,169,,
110,Automeris io,,,,,,2,2.763,0.768,572,,
112,Baptisia alba,,,,,,2,1.066,2.091,314,,
137,Bombylius major,,,,,,2,10.187,1.7,127,,
158,Cardamine impatiens,,,,,,2,17.748,3.017,245,,
183,Chamyris cerintha,,,,,,2,1.976,0.804,202,,
195,Chionanthus virginicus,,,,,,2,21.582,5.886,253,,
200,Chrysochus auratus,,,,,,2,1.674,2.075,351,,
204,Cicindela punctulata,,,,,,2,2.647,0.768,185,,
246,Costaconvexa centrostrigaria,,,,,,2,2.81,1.36,512,,
248,Crambus agitatellus,,,,,,2,3.797,0.827,428,,
254,Cydia latiferreana,,,,,,2,29.158,3.369,162,,
258,Danthonia spicata,,,,,,2,5.477,0.838,153,,
259,Darapsa choerilus,,,,,,2,6.228,0.768,146,,
260,Darapsa myron,,,,,,2,1.323,1.375,431,,
276,Dicentra cucullaria,,,,,,2,1.259,0.887,1047,,
277,Dichomeris flavocostella,,,,,,2,3.797,0.768,123,,
278,Dichromorpha viridis,,,,,,2,27.853,4.11,103,,
282,Diprion similis,,,,,,2,18.98,0.352,102,,
290,Drepana arcuata,,,,,,2,7.814,0.708,339,,
293,Drosera rotundifolia,,,,,,2,1.676,0.229,382,,
301,Echinacea pallida,,,,,,2,1.066,1.731,195,,
309,Enallagma aspersum,,,,,,2,9.526,2.059,241,,
310,Enallagma civile,,,,,,2,8.018,2.957,377,,
333,Eryngium yuccifolium,,,,,,2,1.066,2.321,543,,
334,Erynnis baptisiae,,,,,,2,9.953,5.86,297,,
341,Euclea delphinii,,,,,,2,1.621,0.768,269,,
344,Eumorpha pandorus,,,,,,2,7.16,3.722,248,,
347,Euparthenos nubilis,,,,,,2,2.078,0.768,136,,
349,Euphorbia corollata,,,,,,2,1.066,0.772,491,,
359,Eurybia macrophylla,,,,,,2,8.818,0.34,274,,
363,Evernia mesomorpha,,,,,,2,11.334,0.33,105,,
384,Galasa nigrinodis,,,,,,2,8.72,1.961,143,,
394,Geranium robertianum,,,,,,2,10.392,0.722,457,,
409,Haploa clymene,,,,,,2,4.738,1.17,244,,
419,Hepatica nobilis,,,,,,2,4.821,0.569,1146,,
420,Herminia laevigata,,,,,,2,1.825,0.768,126,,
422,Herpyllus ecclesiasticus,,,,,,2,20.716,4.149,129,,
424,Heterodon platirhinos,,,,,,2,1.426,0.774,173,,
425,Heterophleps triguttaria,,,,,,2,1.133,1.177,123,,
434,Hyles lineata,,,,,,2,8.414,7.665,152,,
441,Hypoprepia fucosa,,,,,,2,18.335,0.708,542,,
462,Juglans cinerea,,,,,,2,12.702,1.39,272,,
464,Juncus effusus,,,,,,2,1.889,2.037,182,,
480,Lapara bombycoides,,,,,,2,2.826,0.414,135,,
482,Larix laricina,,,,,,2,2.818,0.315,671,,
490,Leptinotarsa juncta,,,,,,2,46.888,6.193,145,,
495,Lethe appalachia,,,,,,2,3.359,1.079,135,,
502,Liatris pycnostachya,,,,,,2,1.066,1.788,219,,
562,Magnolia virginiana,,,,,,2,14.024,1.921,217,,
579,Megachile sculpturalis,,,,,,2,32.137,10.9,123,,
594,Microstegium vimineum,,,,,,2,3.602,2.909,601,,
602,Monarda punctata,,,,,,2,21.854,1.998,340,,
609,Myodocha serripes,,,,,,2,23.73,8.041,112,,
610,Myosotis scorpioides,,,,,,2,5.856,1.903,104,,
616,Nasturtium officinale,,,,,,2,16.769,1.73,103,,
623,Neotibicen canicularis,,,,,,2,5.788,11.228,163,,
656,Oxalis dillenii,,,,,,2,2.17,16.88,111,,
659,Pachypsylla celtidismamma,,,,,,2,22.662,42.446,123,,
663,Palthis asopialis,,,,,,2,1.621,1.63,351,,
667,Panthea furcilla,,,,,,2,2.574,0.56,233,,
668,Paonias excaecata,,,,,,2,2.418,0.625,457,,
692,Persicaria virginiana,,,,,,2,7.331,9.57,954,,
694,Phalaenophana pyramusalis,,,,,,2,1.133,0.768,195,,
696,Phallus rubicundus,,,,,,2,8.923,21.693,147,,
708,Physcomitrium pyriforme,,,,,,2,27.514,8.146,104,,
709,Physostegia virginiana,,,,,,2,61.179,6.885,234,,
725,Plagodis alcoolaria,,,,,,2,1.133,0.768,125,,
731,Platynota idaeusalis,,,,,,2,1.976,0.768,152,,
734,Pleurotus ostreatus,,,,,,2,16.173,3.051,187,,
740,Pogonia ophioglossoides,,,,,,2,1.192,0.219,156,,
750,Polygonum aviculare,,,,,,2,15.35,42.046,145,,
782,Pterophylla camellifolia,,,,,,2,26.947,1.693,169,,
783,Punctelia rudecta,,,,,,2,5.975,2.473,127,,
800,Ranunculus abortivus,,,,,,2,1.193,3.607,503,,
801,Ranunculus acris,,,,,,2,3.827,1.352,309,,
802,Ranunculus bulbosus,,,,,,2,17.962,10.754,118,,
822,Rubus odoratus,,,,,,2,1.825,0.782,626,,
854,Silphium perfoliatum,,,,,,2,3.553,7.772,378,,
856,Sisyrinchium angustifolium,,,,,,2,1.732,2.267,135,,
862,Solanum ptychanthum,,,,,,2,23.143,19.699,119,,
868,Sorbus americana,,,,,,2,10.431,0.22,225,,
874,Sphinx kalmiae,,,,,,2,15.018,0.536,194,,
880,Stenalcidia pampinaria,,,,,,2,1.621,0.795,250,,
888,Stylophorum diphyllum,,,,,,2,2.101,10.336,273,,
910,Thalictrum thalictroides,,,,,,2,2.202,1.354,922,,
911,Thamnophis sauritus,,,,,,2,0.925,0.866,169,,
926,Tramea lacerata,,,,,,2,1.485,2.485,268,,
930,Trichodezia albovittata,,,,,,2,2.63,0.933,208,,
933,Trifolium campestre,,,,,,2,1.207,1.733,215,,
935,Trifolium incarnatum,,,,,,2,1.35,3.354,247,,
941,Triodanis perfoliata,,,,,,2,29.791,4.799,306,,
953,Usnea strigosa,,,,,,2,0.622,1.016,121,,
971,Veronicastrum virginicum,,,,,,2,3.154,5.075,265,,
985,Viola bicolor,,,,,,2,34.799,3.317,163,,
988,Viola pubescens,,,,,,2,8.581,0.893,680,,
990,Vitis riparia,,,,,,2,28.144,4.025,405,,
992,Wallengrenia otho,,,,,,2,21.757,0.912,129,,
993,Woodsia obtusa,,,,,,2,13.928,47.159,142,,
998,Xylaria polymorpha,,,,,,2,37.861,5.751,148,,
1004,Zizia aurea,,,,,,2,18.585,2.196,629,,
1,Abies balsamea,,,,,,1,1.381,0.268,894,,
12,Acer tataricum,,,,,,1,1.714,6.374,121,,
19,Adonisea florida,,,,,,1,4.015,0.724,124,,
28,Agrotis ipsilon,,,,,,1,29.787,1.106,384,,
43,Ambrosia trifida,,,,,,1,2.528,8.134,611,,
47,Amorpha canescens,,,,,,1,1.066,1.55,286,,
49,Amorpha juglandis,,,,,,1,5.762,0.948,247,,
54,Anania funebris,,,,,,1,5.792,0.813,129,,
59,Andropogon virginicus,,,,,,1,2.397,1.865,108,,
64,Apalone spinifera,,,,,,1,1.047,3.975,207,,
71,Apocynum cannabinum,,,,,,1,1.066,4.89,984,,
72,Apoda y-inversa,,,,,,1,4.519,2.757,102,,
76,Aralia racemosa,,,,,,1,2.606,0.401,166,,
77,Aralia spinosa,,,,,,1,40.857,1.847,371,,
85,Argiope trifasciata,,,,,,1,56.694,1.663,277,,
93,Aronia melanocarpa,,,,,,1,1.013,0.265,107,,
96,Artomyces pyxidatus,,,,,,1,2.713,1.731,266,,
97,Asarum canadense,,,,,,1,13.412,1.553,1045,,
102,Asimina triloba,,,,,,1,10.593,2.653,1072,,
105,Asplenium trichomanes,,,,,,1,0.904,0.431,171,,
111,Balsa tristrigella,,,,,,1,1.133,0.768,142,,
117,Battus philenor,,,,,,1,1.788,1.058,798,,
130,Bleptina caradrinalis,,,,,,1,2.331,0.821,127,,
138,Botrypus virginianus,,,,,,1,0.946,0.595,523,,
139,Boyeria vinosa,,,,,,1,5.679,0.478,113,,
141,Buddleja davidii,,,,,,1,69.526,17.68,102,,
146,Calycopis cecrops,,,,,,1,18.379,2.65,372,,
159,Carex intumescens,,,,,,1,2.84,0.289,225,,
163,Carya cordiformis,,,,,,1,3.575,1.733,355,,
178,Ceratomia undulosa,,,,,,1,25.222,0.706,461,,
187,Chauliognathus marginatus,,,,,,1,1.714,6.712,476,,
196,Chlorochlamys chloroleucaria,,,,,,1,2.81,0.827,298,,
198,Chromagrion conditum,,,,,,1,2.804,0.318,146,,
201,Chrysodeixis includens,,,,,,1,12.195,2.747,183,,
205,Cicindela repanda,,,,,,1,1.959,0.777,190,,
238,Cornus canadensis,,,,,,1,1.316,0.213,1271,,
241,Cornus racemosa,,,,,,1,1.748,4.995,121,,
253,Cyclophora pendulinaria,,,,,,1,1.448,0.708,165,,
256,Dacrymyces chrysospermus,,,,,,1,20.956,0.526,114,,
263,Deidamia inscriptum,,,,,,1,1.621,1.157,131,,
268,Deparia acrostichoides,,,,,,1,2.037,0.388,109,,
272,Desmodium glutinosum,,,,,,1,2.328,0.68,247,,
287,Dolomedes tenebrosus,,,,,,1,1.974,0.984,280,,
291,Dromogomphus spinosus,,,,,,1,1.071,0.409,257,,
296,Dryopteris cristata,,,,,,1,2.84,0.33,126,,
306,Elaphria versicolor,,,,,,1,1.621,0.768,156,,
311,Enallagma ebrium,,,,,,1,3.3,0.348,119,,
312,Enallagma geminatum,,,,,,1,0.737,1.476,233,,
321,Equisetum hyemale,,,,,,1,22.106,1.259,361,,
322,Equisetum sylvaticum,,,,,,1,2.84,0.26,165,,
324,Eremnophila aureonotata,,,,,,1,1.133,4.625,161,,
325,Erethizon dorsatus,,,,,,1,1.175,0.339,436,,
329,Eristalis dimidiata,,,,,,1,28.443,4.514,138,,
335,Erynnis horatius,,,,,,1,4.519,3.663,289,,
336,Erynnis juvenalis,,,,,,1,4.519,0.635,230,,
339,Estigmene acrea,,,,,,1,9.112,2.012,426,,
342,Eudryas grata,,,,,,1,2.331,0.795,429,,
354,Euphyia intermediata,,,,,,1,1.621,0.827,190,,
355,Eupithecia miserulata,,,,,,1,1.316,2.747,144,,
356,Euptoieta claudia,,,,,,1,1.959,3.812,520,,
360,Eurycea bislineata,,,,,,1,34.145,0.507,294,,
367,Felis catus,,,,,,1,85.4,17.414,222,,
369,Feltia jaculifera,,,,,,1,36.503,0.626,148,,
380,Fraxinus nigra,,,,,,1,4.653,0.342,221,,
402,Hackelia virginiana,,,,,,1,5.762,8.786,226,,
403,Hagenius brevistylus,,,,,,1,5.241,0.335,247,,
411,Harrisimemna trisignata,,,,,,1,6.694,0.708,125,,
413,Helianthus annuus,,,,,,1,2.397,23.976,149,,
432,Hylephila phyleus,,,,,,1,31.153,10.892,683,,
435,Hymenia perspectalis,,,,,,1,2.331,4.396,174,,
443,Hypsopygia costalis,,,,,,1,1.621,0.768,113,,
452,Inula helenium,,,,,,1,5.148,0.788,103,,
475,Lambdina quercivoraria,,,,,,1,1.133,0.768,112,,
479,Lantana camara,,,,,,1,24.323,15.516,294,,
489,Lepidium virginicum,,,,,,1,34.799,37.539,264,,
500,Leucorrhinia frigida,,,,,,1,2.349,0.218,114,,
504,Libellula deplanata,,,,,,1,0.604,0.901,212,,
506,Libellula julia,,,,,,1,2.522,0.239,537,,
511,Libytheana carinenta,,,,,,1,0.394,2.553,422,,
525,Lithacodia musta,,,,,,1,2.81,0.768,101,,
534,Lonicera maackii,,,,,,1,1.591,16.971,724,,
536,Lonicera tatarica,,,,,,1,10.154,4.411,161,,
549,Lycopus americanus,,,,,,1,7.42,0.64,138,,
555,Lysimachia ciliata,,,,,,1,13.412,1.093,509,,
578,Medicago sativa,,,,,,1,4.467,1.776,168,,
587,Melittia cucurbitae,,,,,,1,11.582,14.555,116,,
590,Metanema inatomaria,,,,,,1,1.621,0.708,164,,
592,Micrathena gracilis,,,,,,1,1.202,1.552,364,,
595,Mikania scandens,,,,,,1,0.72,3.848,219,,
597,Misumena vatia,,,,,,1,1.256,0.84,246,,
611,Myrica gale,,,,,,1,1.528,0.227,262,,
613,Nabalus albus,,,,,,1,1.708,0.713,112,,
619,Nematocampa resistaria,,,,,,1,2.331,0.792,430,,
620,Nemoria bistriaria,,,,,,1,4.467,0.768,211,,
622,Neoscona crucifera,,,,,,1,29.787,9.515,186,,
626,Nepeta cataria,,,,,,1,38.291,9.696,280,,
627,Nephelodes minians,,,,,,1,1.714,0.795,184,,
628,Nicrophorus orbicollis,,,,,,1,2.115,0.768,184,,
642,Oeneis polixenes,,,,,,1,7.625,10.428,200,,
655,Oxalis corniculata,,,,,,1,31.117,16.806,132,,
657,Oxidus gracilis,,,,,,1,13.385,12.56,132,,
664,Panax trifolius,,,,,,1,1.095,0.674,235,,
666,Panopoda carneicosta,,,,,,1,6.006,8.024,151,,
680,Paulownia tomentosa,,,,,,1,10.563,35.32,517,,
687,Persicaria amphibia,,,,,,1,1.357,0.705,186,,
697,Phegopteris connectilis,,,,,,1,1.484,0.236,309,,
699,Phigalia strigataria,,,,,,1,1.133,0.821,105,,
703,Phoberia atomaris,,,,,,1,30.698,1.245,105,,
704,Phoebis sennae,,,,,,1,2.397,2.397,433,,
713,Picea mariana,,,,,,1,2.023,0.232,144,,
718,Pilosella caespitosa,,,,,,1,1.13,0.69,152,,
737,Pococera asperatella,,,,,,1,32.655,0.827,100,,
743,Polites mystic,,,,,,1,2.141,0.409,108,,
747,Polygonatum pubescens,,,,,,1,10.134,0.495,126,,
751,Polygrammate hebraeicum,,,,,,1,19.032,0.897,257,,
767,Potentilla norvegica,,,,,,1,1.748,1.426,135,,
784,Pycnanthemum tenuifolium,,,,,,1,1.066,0.891,169,,
785,Pycnoporus cinnabarinus,,,,,,1,6.006,2.892,139,,
787,Pyrausta acrionalis,,,,,,1,1.133,0.768,184,,
799,Rabidosa rabida,,,,,,1,11.426,2.572,126,,
806,Rheumaptera meadii,,,,,,1,1.133,1.933,100,,
808,Rhododendron periclymenoides,,,,,,1,8.101,7.39,184,,
814,Ribes cynosbati,,,,,,1,4.839,0.57,135,,
823,Rubus phoenicolasius,,,,,,1,1.159,9.802,1297,,
825,Rudbeckia triloba,,,,,,1,14.78,8.104,211,,
826,Ruellia humilis,,,,,,1,13.412,1.351,101,,
832,Salix nigra,,,,,,1,10.108,5.442,265,,
853,Silphium laciniatum,,,,,,1,1.066,4.77,297,,
857,Sitochroa palealis,,,,,,1,1.714,0.827,228,,
858,Smilax glauca,,,,,,1,1.959,1.921,313,,
865,Solidago nemoralis,,,,,,1,6.127,0.564,118,,
878,Sporobolus michauxianus,,,,,,1,0.405,1.864,105,,
886,Strophostyles helvola,,,,,,1,5.402,3.711,181,,
892,Symphyotrichum lateriflorum,,,,,,1,1.082,1.439,168,,
894,Symphyotrichum puniceum,,,,,,1,1.505,0.483,171,,
904,Tephrosia virginiana,,,,,,1,0.568,0.47,220,,
908,Thalictrum dioicum,,,,,,1,0.499,1.327,289,,
916,Thyridopteryx ephemeraeformis,,,,,,1,37.959,17.5,168,,
917,Tiarella cordifolia,,,,,,1,2.174,0.312,588,,
919,Tolype velleda,,,,,,1,0.42,0.708,107,,
921,Toxicodendron rydbergii,,,,,,1,0.499,0.499,171,,
940,Trillium luteum,,,,,,1,1.715,1.093,131,,
949,Ulmus rubra,,,,,,1,1.714,2.752,136,,
955,Uvularia grandiflora,,,,,,1,13.412,0.538,551,,
959,Valeriana officinalis,,,,,,1,1.607,1.077,133,,
972,Vespa crabro,,,,,,1,4.765,3.18,169,,
976,Viburnum lantanoides,,,,,,1,0.696,0.22,729,,
977,Viburnum lentago,,,,,,1,3.521,1.04,223,,
978,Viburnum nudum,,,,,,1,1.714,0.298,285,,
982,Vinca major,,,,,,1,1.439,12.95,165,,
984,Vincetoxicum rossicum,,,,,,1,1.591,2.591,245,,
986,Viola canadensis,,,,,,1,34.799,0.342,161,,
987,Viola pedata,,,,,,1,2.475,0.475,316,,
995,Xanthorhoe ferrugata,,,,,,1,1.133,0.905,189,,
