Species,Family,Class,Phylum,Kingdom,Urban score,Number of regional obs.,Number of obs in Boston CNC
Abies balsamea,Pinaceae,Pinopsida,Tracheophyta,Plantae,0.2684258818626404,894,1
Abutilon theophrasti,Malvaceae,Magnoliopsida,Tracheophyta,Plantae,9.971473693847656,263,7
Acalypha virginica,Euphorbiaceae,Magnoliopsida,Tracheophyta,Plantae,38.317047119140625,177,6
Acanalonia conica,Acanaloniidae,Insecta,Arthropoda,Animalia,12.749471664428711,153,4
Acanthocephala terminalis,Coreidae,Insecta,Arthropoda,Animalia,3.8555991649627686,232,6
Acer negundo,Sapindaceae,Magnoliopsida,Tracheophyta,Plantae,10.507831573486328,2170,40
Acer pensylvanicum,Sapindaceae,Magnoliopsida,Tracheophyta,Plantae,0.2698320299386978,994,13
Acer platanoides,Sapindaceae,Magnoliopsida,Tracheophyta,Plantae,15.499743461608887,907,71
Acer rubrum,Sapindaceae,Magnoliopsida,Tracheophyta,Plantae,1.8398499488830566,2835,117
Acer saccharinum,Sapindaceae,Magnoliopsida,Tracheophyta,Plantae,8.597524166107178,916,21
Acer saccharum,Sapindaceae,Magnoliopsida,Tracheophyta,Plantae,0.9422494173049927,1565,37
Acer tataricum,Sapindaceae,Magnoliopsida,Tracheophyta,Plantae,6.373998641967773,121,1
Achillea millefolium,Asteraceae,Magnoliopsida,Tracheophyta,Plantae,1.4040553569793701,2234,99
Acrolophus popeanella,Acrolophidae,Insecta,Arthropoda,Animalia,3.4384231567382813,182,3
Acronicta americana,Noctuidae,Insecta,Arthropoda,Animalia,6.875088691711426,545,6
Actaea pachypoda,Ranunculaceae,Magnoliopsida,Tracheophyta,Plantae,0.4245769828557968,580,7
Actias luna,Saturniidae,Insecta,Arthropoda,Animalia,0.9397509098052979,1365,4
Adelges tsugae,Adelgidae,Insecta,Arthropoda,Animalia,0.634445995092392,138,7
Adonisea florida,Noctuidae,Insecta,Arthropoda,Animalia,0.7238236665725708,124,1
Aegopodium podagraria,Apiaceae,Magnoliopsida,Tracheophyta,Plantae,3.4764628410339355,353,7
Aesculus hippocastanum,Sapindaceae,Magnoliopsida,Tracheophyta,Plantae,16.10730266571045,124,14
Aeshna constricta,Aeshnidae,Insecta,Arthropoda,Animalia,1.3531970977783203,133,5
Aeshna tuberculifera,Aeshnidae,Insecta,Arthropoda,Animalia,0.3190440833568573,103,2
Aeshna umbrosa,Aeshnidae,Insecta,Arthropoda,Animalia,0.7949080467224121,211,2
Agapostemon virescens,Halictidae,Insecta,Arthropoda,Animalia,21.112857818603516,317,16
Ageratina altissima,Asteraceae,Magnoliopsida,Tracheophyta,Plantae,21.197635650634766,6545,9
Agrochola bicolorago,Noctuidae,Insecta,Arthropoda,Animalia,1.2618579864501953,176,4
Agrotis ipsilon,Noctuidae,Insecta,Arthropoda,Animalia,1.1059762835502625,384,1
Ailanthus altissima,Simaroubaceae,Magnoliopsida,Tracheophyta,Plantae,50.15399169921875,3101,57
Ajuga reptans,Lamiaceae,Magnoliopsida,Tracheophyta,Plantae,7.1996376514434814,244,7
Alaus oculatus,Elateridae,Insecta,Arthropoda,Animalia,3.007261037826538,470,6
Albizia julibrissin,Fabaceae,Magnoliopsida,Tracheophyta,Plantae,11.174511909484863,645,2
Alcis porcelaria,Geometridae,Insecta,Arthropoda,Animalia,1.1099594831466675,198,7
Alliaria petiolata,Brassicaceae,Magnoliopsida,Tracheophyta,Plantae,10.319999694824219,4795,491
Allium canadense,Amaryllidaceae,Liliopsida,Tracheophyta,Plantae,6.104615688323975,192,2
Allium vineale,Amaryllidaceae,Liliopsida,Tracheophyta,Plantae,17.49626636505127,540,19
Alnus glutinosa,Betulaceae,Magnoliopsida,Tracheophyta,Plantae,2.07183575630188,118,4
Alnus incana,Betulaceae,Magnoliopsida,Tracheophyta,Plantae,0.29834067821502686,372,8
Alypia octomaculata,Noctuidae,Insecta,Arthropoda,Animalia,2.387997627258301,352,7
Amanita flavoconia,Amanitaceae,Agaricomycetes,Basidiomycota,Fungi,0.4499948173761368,138,6
Amanita muscaria,Amanitaceae,Agaricomycetes,Basidiomycota,Fungi,0.7885847091674805,231,13
Ambrosia artemisiifolia,Asteraceae,Magnoliopsida,Tracheophyta,Plantae,7.791337490081787,795,18
Ambrosia trifida,Asteraceae,Magnoliopsida,Tracheophyta,Plantae,8.133713722229004,611,1
Ambystoma maculatum,Ambystomatidae,Amphibia,Chordata,Animalia,0.4794672131538391,749,44
Amelanchier arborea,Rosaceae,Magnoliopsida,Tracheophyta,Plantae,1.1824434995651245,125,9
Ammophila breviligulata,Poaceae,Liliopsida,Tracheophyta,Plantae,0.7135750353336334,100,4
Amorpha canescens,Fabaceae,Magnoliopsida,Tracheophyta,Plantae,1.5504928827285767,286,1
Amorpha fruticosa,Fabaceae,Magnoliopsida,Tracheophyta,Plantae,5.701934814453125,192,12
Amorpha juglandis,Sphingidae,Insecta,Arthropoda,Animalia,0.9482700824737549,247,1
Ampelopsis heterophylla,Vitaceae,Magnoliopsida,Tracheophyta,Plantae,46.13093566894531,2011,10
Amphicarpaea bracteata,Fabaceae,Magnoliopsida,Tracheophyta,Plantae,0.986865758895874,425,3
Amphion floridensis,Sphingidae,Insecta,Arthropoda,Animalia,7.663349628448486,137,5
Amphipyra pyramidoides,Noctuidae,Insecta,Arthropoda,Animalia,0.7684240341186523,233,3
Anania funebris,Crambidae,Insecta,Arthropoda,Animalia,0.813286542892456,129,1
Anax junius,Aeshnidae,Insecta,Arthropoda,Animalia,2.8413076400756836,901,13
Anaxyrus americanus,Bufonidae,Amphibia,Chordata,Animalia,1.1983883380889893,3428,106
Anaxyrus fowleri,Bufonidae,Amphibia,Chordata,Animalia,1.141978144645691,662,7
Ancyloxypha numitor,Hesperiidae,Insecta,Arthropoda,Animalia,1.7015615701675415,498,5
Andropogon virginicus,Poaceae,Liliopsida,Tracheophyta,Plantae,1.864593744277954,108,1
Anemone quinquefolia,Ranunculaceae,Magnoliopsida,Tracheophyta,Plantae,0.793492317199707,639,44
Antheraea polyphemus,Saturniidae,Insecta,Arthropoda,Animalia,4.296405792236328,1075,4
Anthidium manicatum,Megachilidae,Insecta,Arthropoda,Animalia,42.724998474121094,207,9
Anthrenus verbasci,Dermestidae,Insecta,Arthropoda,Animalia,18.2437744140625,107,10
Apalone spinifera,Trionychidae,Reptilia,Chordata,Animalia,3.9749999046325684,207,1
Aphis nerii,Aphididae,Insecta,Arthropoda,Animalia,18.156696319580078,416,19
Aphomia sociella,Pyralidae,Insecta,Arthropoda,Animalia,1.558921456336975,116,5
Apios americana,Fabaceae,Magnoliopsida,Tracheophyta,Plantae,1.134427547454834,323,9
Apiosporina morbosa,Venturiaceae,Dothideomycetes,Ascomycota,Fungi,2.7185301780700684,306,20
Apis mellifera,Apidae,Insecta,Arthropoda,Animalia,14.256229400634766,3474,177
Apocynum androsaemifolium,Apocynaceae,Magnoliopsida,Tracheophyta,Plantae,0.4071471095085144,369,6
Apocynum cannabinum,Apocynaceae,Magnoliopsida,Tracheophyta,Plantae,4.890495538711548,984,1
Apoda y-inversa,Limacodidae,Insecta,Arthropoda,Animalia,2.756640672683716,102,1
Aquilegia canadensis,Ranunculaceae,Magnoliopsida,Tracheophyta,Plantae,0.7422135472297668,1248,15
Aralia hispida,Araliaceae,Magnoliopsida,Tracheophyta,Plantae,0.24418379366397858,111,2
Aralia nudicaulis,Araliaceae,Magnoliopsida,Tracheophyta,Plantae,0.32898594439029694,1014,36
Aralia racemosa,Araliaceae,Magnoliopsida,Tracheophyta,Plantae,0.4008876085281372,166,1
Aralia spinosa,Araliaceae,Magnoliopsida,Tracheophyta,Plantae,1.8474161624908447,371,1
Araneus diadematus,Araneidae,Arachnida,Arthropoda,Animalia,10.394509315490723,254,5
Arctium lappa,Asteraceae,Magnoliopsida,Tracheophyta,Plantae,7.255000114440918,251,6
Arctium minus,Asteraceae,Magnoliopsida,Tracheophyta,Plantae,11.44752311706543,333,8
Argia apicalis,Coenagrionidae,Insecta,Arthropoda,Animalia,1.8417696952819824,479,8
Argia fumipennis,Coenagrionidae,Insecta,Arthropoda,Animalia,1.080545425415039,659,7
Argia translata,Coenagrionidae,Insecta,Arthropoda,Animalia,2.3658289909362793,127,3
Argiope aurantia,Araneidae,Arachnida,Arthropoda,Animalia,2.4080262184143066,1437,9
Argiope trifasciata,Araneidae,Arachnida,Arthropoda,Animalia,1.6630104780197144,277,1
Argyria nivalis,Crambidae,Insecta,Arthropoda,Animalia,0.9302509725093842,256,4
Argyrotaenia quercifoliana,Tortricidae,Insecta,Arthropoda,Animalia,1.6218990683555603,126,5
Argyrotaenia velutinana,Tortricidae,Insecta,Arthropoda,Animalia,0.7774189710617065,318,3
Arion subfuscus,Arionidae,Gastropoda,Mollusca,Animalia,1.2872178554534912,102,7
Arisaema triphyllum,Araceae,Liliopsida,Tracheophyta,Plantae,1.478519856929779,3166,81
Armadillidium nasatum,Armadillidiidae,Malacostraca,Arthropoda,Animalia,16.11691379547119,144,2
Armadillidium vulgare,Armadillidiidae,Malacostraca,Arthropoda,Animalia,28.58687973022461,434,17
Aronia melanocarpa,Rosaceae,Magnoliopsida,Tracheophyta,Plantae,0.26499998569488525,107,1
Artemisia campestris,Asteraceae,Magnoliopsida,Tracheophyta,Plantae,0.5123783349990845,117,3
Artemisia vulgaris,Asteraceae,Magnoliopsida,Tracheophyta,Plantae,29.927448272705078,1415,80
Artomyces pyxidatus,Auriscalpiaceae,Agaricomycetes,Basidiomycota,Fungi,1.7308807373046875,266,1
Asarum canadense,Aristolochiaceae,Magnoliopsida,Tracheophyta,Plantae,1.5531513690948486,1045,1
Asclepias exaltata,Apocynaceae,Magnoliopsida,Tracheophyta,Plantae,0.39176446199417114,169,2
Asclepias incarnata,Apocynaceae,Magnoliopsida,Tracheophyta,Plantae,1.9733428955078125,1272,34
Asclepias syriaca,Apocynaceae,Magnoliopsida,Tracheophyta,Plantae,5.174459457397461,5219,161
Asclepias tuberosa,Apocynaceae,Magnoliopsida,Tracheophyta,Plantae,2.8574376106262207,1689,21
Asimina triloba,Annonaceae,Magnoliopsida,Tracheophyta,Plantae,2.652902126312256,1072,1
Asparagus officinalis,Asparagaceae,Liliopsida,Tracheophyta,Plantae,1.1824434995651245,175,6
Asplenium platyneuron,Aspleniaceae,Polypodiopsida,Tracheophyta,Plantae,1.8771993517875671,934,7
Asplenium trichomanes,Aspleniaceae,Polypodiopsida,Tracheophyta,Plantae,0.430966854095459,171,1
Athyrium asplenioides,Athyriaceae,Polypodiopsida,Tracheophyta,Plantae,1.1423945426940918,133,7
Athyrium filix-femina,Athyriaceae,Polypodiopsida,Tracheophyta,Plantae,0.5670928359031677,437,12
Atteva aurea,Yponomeutidae,Insecta,Arthropoda,Animalia,10.540235996246338,1516,13
Augochlora pura,Halictidae,Insecta,Arthropoda,Animalia,5.155763626098633,245,4
Automeris io,Saturniidae,Insecta,Arthropoda,Animalia,0.7684240341186523,572,2
Balsa tristrigella,Noctuidae,Insecta,Arthropoda,Animalia,0.7684240341186523,142,1
Baptisia alba,Fabaceae,Magnoliopsida,Tracheophyta,Plantae,2.0912363529205322,314,2
Baptisia australis,Fabaceae,Magnoliopsida,Tracheophyta,Plantae,9.705819129943848,165,6
Baptisia tinctoria,Fabaceae,Magnoliopsida,Tracheophyta,Plantae,0.9729734659194946,121,8
Barbarea vulgaris,Brassicaceae,Magnoliopsida,Tracheophyta,Plantae,5.297181129455566,621,28
Basiaeschna janata,Aeshnidae,Insecta,Arthropoda,Animalia,0.44450080394744873,115,3
Battus philenor,Papilionidae,Insecta,Arthropoda,Animalia,1.0579943656921387,798,1
Berberis thunbergii,Berberidaceae,Magnoliopsida,Tracheophyta,Plantae,1.9630777835845947,1233,82
Berberis vulgaris,Berberidaceae,Magnoliopsida,Tracheophyta,Plantae,0.6055550575256348,112,7
Berteroa incana,Brassicaceae,Magnoliopsida,Tracheophyta,Plantae,2.1100728511810303,231,4
Betula alleghaniensis,Betulaceae,Magnoliopsida,Tracheophyta,Plantae,0.2902054935693741,1022,36
Betula lenta,Betulaceae,Magnoliopsida,Tracheophyta,Plantae,1.2167022228240967,239,28
Betula nigra,Betulaceae,Magnoliopsida,Tracheophyta,Plantae,9.48961067199707,409,36
Betula papyrifera,Betulaceae,Magnoliopsida,Tracheophyta,Plantae,0.4701741337776184,1063,69
Betula populifolia,Betulaceae,Magnoliopsida,Tracheophyta,Plantae,1.0298148393630981,343,44
Bicyrtes quadrifasciatus,Crabronidae,Insecta,Arthropoda,Animalia,7.912784099578857,133,9
Bidens frondosa,Asteraceae,Magnoliopsida,Tracheophyta,Plantae,6.075786113739014,152,11
Bittacomorpha clavipes,Ptychopteridae,Insecta,Arthropoda,Animalia,2.158674955368042,108,4
Blarina brevicauda,Soricidae,Mammalia,Chordata,Animalia,2.239619255065918,188,12
Bleptina caradrinalis,Noctuidae,Insecta,Arthropoda,Animalia,0.8214597702026367,127,1
Boehmeria cylindrica,Urticaceae,Magnoliopsida,Tracheophyta,Plantae,1.9466001987457275,257,3
Boisea trivittata,Rhopalidae,Insecta,Arthropoda,Animalia,10.641841888427734,393,5
Bombus bimaculatus,Apidae,Insecta,Arthropoda,Animalia,6.661696910858154,758,12
Bombus griseocollis,Apidae,Insecta,Arthropoda,Animalia,15.699287414550781,1411,30
Bombus impatiens,Apidae,Insecta,Arthropoda,Animalia,8.124036312103271,3254,209
Bombus perplexus,Apidae,Insecta,Arthropoda,Animalia,0.9900000095367432,169,3
Bombylius major,Bombyliidae,Insecta,Arthropoda,Animalia,1.7004261016845703,127,2
Botrypus virginianus,Ophioglossaceae,Psilotopsida,Tracheophyta,Plantae,0.595350444316864,523,1
Boyeria vinosa,Aeshnidae,Insecta,Arthropoda,Animalia,0.4778708517551422,113,1
Brasenia schreberi,Cabombaceae,Magnoliopsida,Tracheophyta,Plantae,0.28961116075515747,213,5
Buddleja davidii,Scrophulariaceae,Magnoliopsida,Tracheophyta,Plantae,17.679840087890625,102,1
Calopogon tuberosus,Orchidaceae,Liliopsida,Tracheophyta,Plantae,0.2633461654186249,164,3
Calopteryx maculata,Calopterygidae,Insecta,Arthropoda,Animalia,1.5353643894195557,1706,14
Caltha palustris,Ranunculaceae,Magnoliopsida,Tracheophyta,Plantae,0.703548789024353,941,21
Calvatia gigantea,Agaricaceae,Agaricomycetes,Basidiomycota,Fungi,4.030271649360657,160,3
Calycopis cecrops,Lycaenidae,Insecta,Arthropoda,Animalia,2.6496673822402954,372,1
Calystegia sepium,Convolvulaceae,Magnoliopsida,Tracheophyta,Plantae,6.585000038146973,467,24
Campaea perlata,Geometridae,Insecta,Arthropoda,Animalia,0.7684240341186523,594,11
Campanula rapunculoides,Campanulaceae,Magnoliopsida,Tracheophyta,Plantae,9.319829940795898,222,4
Camponotus pennsylvanicus,Formicidae,Insecta,Arthropoda,Animalia,10.249431133270264,560,66
Campsis radicans,Bignoniaceae,Magnoliopsida,Tracheophyta,Plantae,6.1133623123168945,987,5
Candelaria concolor,Candelariaceae,Lecanoromycetes,Ascomycota,Fungi,40.26499938964844,299,5
Canis latrans,Canidae,Mammalia,Chordata,Animalia,1.305794596672058,776,38
Cantharellus cinnabarinus,Cantharellaceae,Agaricomycetes,Basidiomycota,Fungi,1.0110548734664917,219,5
Capnoides sempervirens,Papaveraceae,Magnoliopsida,Tracheophyta,Plantae,0.25307130813598633,207,9
Capsella bursa-pastoris,Brassicaceae,Magnoliopsida,Tracheophyta,Plantae,39.87665557861328,738,18
Cardamine hirsuta,Brassicaceae,Magnoliopsida,Tracheophyta,Plantae,12.618355751037598,830,67
Cardamine impatiens,Brassicaceae,Magnoliopsida,Tracheophyta,Plantae,3.016887664794922,245,2
Carex intumescens,Cyperaceae,Liliopsida,Tracheophyta,Plantae,0.28911417722702026,225,1
Carex pensylvanica,Cyperaceae,Liliopsida,Tracheophyta,Plantae,2.5993704795837402,128,5
Carex vulpinoidea,Cyperaceae,Liliopsida,Tracheophyta,Plantae,0.9347983002662659,109,3
Carpinus caroliniana,Betulaceae,Magnoliopsida,Tracheophyta,Plantae,1.8279274106025696,700,3
Carya cordiformis,Juglandaceae,Magnoliopsida,Tracheophyta,Plantae,1.7331223487854004,355,1
Carya ovata,Juglandaceae,Magnoliopsida,Tracheophyta,Plantae,1.501152753829956,663,28
Castanea dentata,Fagaceae,Magnoliopsida,Tracheophyta,Plantae,0.7191281318664551,397,69
Castor canadensis,Castoridae,Mammalia,Chordata,Animalia,1.1636910438537598,1369,61
Catalpa speciosa,Bignoniaceae,Magnoliopsida,Tracheophyta,Plantae,18.297550201416016,319,20
Catocala ultronia,Erebidae,Insecta,Arthropoda,Animalia,1.115696907043457,140,3
Ceanothus americanus,Rhamnaceae,Magnoliopsida,Tracheophyta,Plantae,0.5981203317642212,295,3
Celastrus orbiculatus,Celastraceae,Magnoliopsida,Tracheophyta,Plantae,8.236305236816406,1278,99
Celastrus scandens,Celastraceae,Magnoliopsida,Tracheophyta,Plantae,0.7986482381820679,153,3
Celithemis elisa,Libellulidae,Insecta,Arthropoda,Animalia,0.6218388974666595,568,26
Celithemis eponina,Libellulidae,Insecta,Arthropoda,Animalia,1.5592268109321594,854,11
Centaurea stoebe,Asteraceae,Magnoliopsida,Tracheophyta,Plantae,1.460326075553894,456,25
Cepaea nemoralis,Helicidae,Gastropoda,Mollusca,Animalia,26.611906051635742,432,41
Cephalanthus occidentalis,Rubiaceae,Magnoliopsida,Tracheophyta,Plantae,1.8852903842926025,1371,53
Cerastium fontanum,Caryophyllaceae,Magnoliopsida,Tracheophyta,Plantae,5.478347301483154,161,9
Ceratomia undulosa,Sphingidae,Insecta,Arthropoda,Animalia,0.7059118747711182,461,1
Cercis canadensis,Fabaceae,Magnoliopsida,Tracheophyta,Plantae,11.257345199584961,1997,18
Cercyonis pegala,Nymphalidae,Insecta,Arthropoda,Animalia,0.6886357069015503,481,11
Chamaecrista fasciculata,Fabaceae,Magnoliopsida,Tracheophyta,Plantae,2.4562714099884033,717,3
Chamaedaphne calyculata,Ericaceae,Magnoliopsida,Tracheophyta,Plantae,0.23958423733711243,348,5
Chamyris cerintha,Noctuidae,Insecta,Arthropoda,Animalia,0.8040972948074341,202,2
Charidotella sexpunctata,Chrysomelidae,Insecta,Arthropoda,Animalia,7.3592023849487305,101,3
Chauliodes pectinicornis,Corydalidae,Insecta,Arthropoda,Animalia,0.7684240341186523,123,6
Chauliodes rastricornis,Corydalidae,Insecta,Arthropoda,Animalia,1.1826800107955933,222,5
Chauliognathus marginatus,Cantharidae,Insecta,Arthropoda,Animalia,6.712126016616821,476,1
Chauliognathus pensylvanicus,Cantharidae,Insecta,Arthropoda,Animalia,4.655200004577637,519,16
Chelidonium majus,Papaveraceae,Magnoliopsida,Tracheophyta,Plantae,6.9577414989471436,684,115
Chelone glabra,Plantaginaceae,Magnoliopsida,Tracheophyta,Plantae,0.5199651122093201,436,7
Chelydra serpentina,Chelydridae,Reptilia,Chordata,Animalia,1.8101502656936646,2212,86
Chenopodium album,Amaranthaceae,Magnoliopsida,Tracheophyta,Plantae,36.660736083984375,630,26
Chimaphila maculata,Ericaceae,Magnoliopsida,Tracheophyta,Plantae,1.36443030834198,1364,196
Chimaphila umbellata,Ericaceae,Magnoliopsida,Tracheophyta,Plantae,0.29793989658355713,175,15
Chionanthus virginicus,Oleaceae,Magnoliopsida,Tracheophyta,Plantae,5.886094093322754,253,2
Chlorochlamys chloroleucaria,Geometridae,Insecta,Arthropoda,Animalia,0.8274877071380615,298,1
Chortophaga viridifasciata,Acrididae,Insecta,Arthropoda,Animalia,3.060722827911377,382,32
Chromagrion conditum,Coenagrionidae,Insecta,Arthropoda,Animalia,0.31834572553634644,146,1
Chrysemys picta,Emydidae,Reptilia,Chordata,Animalia,1.2529747486114502,3378,200
Chrysochus auratus,Chrysomelidae,Insecta,Arthropoda,Animalia,2.0745651721954346,351,2
Chrysodeixis includens,Noctuidae,Insecta,Arthropoda,Animalia,2.7465174198150635,183,1
Chrysoteuchia topiarius,Crambidae,Insecta,Arthropoda,Animalia,0.8274877071380615,156,3
Cichorium intybus,Asteraceae,Magnoliopsida,Tracheophyta,Plantae,8.471520900726318,1958,109
Cicindela punctulata,Carabidae,Insecta,Arthropoda,Animalia,0.7684240341186523,185,2
Cicindela repanda,Carabidae,Insecta,Arthropoda,Animalia,0.7765580713748932,190,1
Cicindela sexguttata,Carabidae,Insecta,Arthropoda,Animalia,1.534999966621399,1037,28
Cicuta maculata,Apiaceae,Magnoliopsida,Tracheophyta,Plantae,1.2021546363830566,201,5
Circaea canadensis,Onagraceae,Magnoliopsida,Tracheophyta,Plantae,1.2909817695617676,317,6
Cirsium arvense,Asteraceae,Magnoliopsida,Tracheophyta,Plantae,7.841943740844727,969,11
Cirsium vulgare,Asteraceae,Magnoliopsida,Tracheophyta,Plantae,10.91688585281372,950,76
Cisseps fulvicollis,Arctiidae,Insecta,Arthropoda,Animalia,1.9614579677581787,580,3
Cladonia cristatella,Cladoniaceae,Lecanoromycetes,Ascomycota,Fungi,0.5022829174995422,242,6
Claytosmunda claytoniana,Osmundaceae,Polypodiopsida,Tracheophyta,Plantae,0.3369870185852051,777,26
Clematis terniflora,Ranunculaceae,Magnoliopsida,Tracheophyta,Plantae,21.535924911499023,281,5
Clematis virginiana,Ranunculaceae,Magnoliopsida,Tracheophyta,Plantae,0.6361665725708008,439,5
Clethra alnifolia,Clethraceae,Magnoliopsida,Tracheophyta,Plantae,2.0138015747070313,407,80
Clinopodium vulgare,Lamiaceae,Magnoliopsida,Tracheophyta,Plantae,0.4963158518075943,204,3
Coccinella septempunctata,Coccinellidae,Insecta,Arthropoda,Animalia,6.7224202156066895,634,6
Coenonympha tullia,Nymphalidae,Insecta,Arthropoda,Animalia,0.8981197476387024,344,9
Coleomegilla maculata,Coccinellidae,Insecta,Arthropoda,Animalia,4.397543907165527,517,12
Colias eurytheme,Pieridae,Insecta,Arthropoda,Animalia,5.709141254425049,448,3
Colias philodice,Pieridae,Insecta,Arthropoda,Animalia,1.574779748916626,455,5
Coluber constrictor,Colubridae,Reptilia,Chordata,Animalia,1.1667887568473816,734,6
Comandra umbellata,Santalaceae,Magnoliopsida,Tracheophyta,Plantae,0.683042049407959,205,3
Commelina communis,Commelinaceae,Liliopsida,Tracheophyta,Plantae,15.793327331542969,736,31
Comptonia peregrina,Myricaceae,Magnoliopsida,Tracheophyta,Plantae,0.44516436755657196,534,47
Conocephalus brevipennis,Tettigoniidae,Insecta,Arthropoda,Animalia,3.798874855041504,132,4
Conopholis americana,Orobanchaceae,Magnoliopsida,Tracheophyta,Plantae,0.5897305011749268,582,5
Convallaria majalis,Asparagaceae,Liliopsida,Tracheophyta,Plantae,9.299783706665039,368,24
Convolvulus arvensis,Convolvulaceae,Magnoliopsida,Tracheophyta,Plantae,21.69499969482422,179,3
Coprinellus micaceus,Psathyrellaceae,Agaricomycetes,Basidiomycota,Fungi,23.17740821838379,199,7
Coprinus comatus,Agaricaceae,Agaricomycetes,Basidiomycota,Fungi,3.2489562034606934,214,6
Coptis trifolia,Ranunculaceae,Magnoliopsida,Tracheophyta,Plantae,0.21477006375789642,569,8
Corbicula fluminea,Cyrenidae,Bivalvia,Mollusca,Animalia,5.214622497558594,201,7
Coreopsis lanceolata,Asteraceae,Magnoliopsida,Tracheophyta,Plantae,2.389580011367798,229,3
Cornus alternifolia,Cornaceae,Magnoliopsida,Tracheophyta,Plantae,0.758535772562027,402,3
Cornus amomum,Cornaceae,Magnoliopsida,Tracheophyta,Plantae,2.59843373298645,161,8
Cornus canadensis,Cornaceae,Magnoliopsida,Tracheophyta,Plantae,0.2129833698272705,1271,1
Cornus florida,Cornaceae,Magnoliopsida,Tracheophyta,Plantae,3.503535747528076,1225,14
Cornus kousa,Cornaceae,Magnoliopsida,Tracheophyta,Plantae,16.56661605834961,116,17
Cornus racemosa,Cornaceae,Magnoliopsida,Tracheophyta,Plantae,4.994999885559082,121,1
Cornus sericea,Cornaceae,Magnoliopsida,Tracheophyta,Plantae,2.0310884714126587,682,6
Corylus americana,Betulaceae,Magnoliopsida,Tracheophyta,Plantae,1.5712244510650635,183,3
Corylus cornuta,Betulaceae,Magnoliopsida,Tracheophyta,Plantae,0.3067307472229004,334,5
Cosmopepla lintneriana,Pentatomidae,Insecta,Arthropoda,Animalia,2.8109636306762695,239,3
Costaconvexa centrostrigaria,Geometridae,Insecta,Arthropoda,Animalia,1.360366940498352,512,2
Cotinis nitida,Cetoniidae,Insecta,Arthropoda,Animalia,21.155540466308594,509,3
Crambus agitatellus,Crambidae,Insecta,Arthropoda,Animalia,0.8274877071380615,428,2
Croptilon divaricatum,Asteraceae,Magnoliopsida,Tracheophyta,Plantae,4.130764007568359,403,38
Crucibulum laeve,Agaricaceae,Agaricomycetes,Basidiomycota,Fungi,9.654048919677734,159,4
Cucullia convexipennis,Noctuidae,Insecta,Arthropoda,Animalia,0.9136493802070618,124,4
Cyaniris neglecta,Lycaenidae,Insecta,Arthropoda,Animalia,3.603198528289795,308,3
Cyclophora pendulinaria,Geometridae,Insecta,Arthropoda,Animalia,0.7083837985992432,165,1
Cydia latiferreana,Tortricidae,Insecta,Arthropoda,Animalia,3.3692935705184937,162,2
Cypripedium acaule,Orchidaceae,Liliopsida,Tracheophyta,Plantae,0.38569796085357666,1197,116
Dacrymyces chrysospermus,Dacrymycetaceae,Dacrymycetes,Basidiomycota,Fungi,0.5257135033607483,114,1
Danaus plexippus,Nymphalidae,Insecta,Arthropoda,Animalia,4.4500603675842285,7991,163
Danthonia spicata,Poaceae,Liliopsida,Tracheophyta,Plantae,0.8381077647209167,153,2
Darapsa choerilus,Sphingidae,Insecta,Arthropoda,Animalia,0.7684240341186523,146,2
Darapsa myron,Sphingidae,Insecta,Arthropoda,Animalia,1.3753175735473633,431,2
Datura stramonium,Solanaceae,Magnoliopsida,Tracheophyta,Plantae,15.653446197509766,207,8
Daucus carota,Apiaceae,Magnoliopsida,Tracheophyta,Plantae,4.633265972137451,2594,103
Deidamia inscriptum,Sphingidae,Insecta,Arthropoda,Animalia,1.1569246053695679,131,1
Delphinia picta,Ulidiidae,Insecta,Arthropoda,Animalia,26.59734535217285,276,4
Dendrolycopodium dendroideum,Lycopodiaceae,Lycopodiopsida,Tracheophyta,Plantae,0.2400721162557602,182,3
Dendrolycopodium obscurum,Lycopodiaceae,Lycopodiopsida,Tracheophyta,Plantae,0.9733676910400391,403,74
Dennstaedtia punctilobula,Dennstaedtiaceae,Polypodiopsida,Tracheophyta,Plantae,0.6539340615272522,430,36
Deparia acrostichoides,Athyriaceae,Polypodiopsida,Tracheophyta,Plantae,0.38770610094070435,109,1
Dermacentor variabilis,Ixodidae,Arachnida,Arthropoda,Animalia,1.5132981538772583,360,25
Desarmillaria tabescens,Physalacriaceae,Agaricomycetes,Basidiomycota,Fungi,13.733511447906494,134,5
Desmodium canadense,Fabaceae,Magnoliopsida,Tracheophyta,Plantae,1.6290700435638428,211,3
Desmodium glutinosum,Fabaceae,Magnoliopsida,Tracheophyta,Plantae,0.6804519295692444,247,1
Diabrotica undecimpunctata,Chrysomelidae,Insecta,Arthropoda,Animalia,10.449999809265137,550,3
Diadophis punctatus,Dipsadidae,Reptilia,Chordata,Animalia,0.8990286588668823,544,13
Dianthus armeria,Caryophyllaceae,Magnoliopsida,Tracheophyta,Plantae,1.5474406480789185,502,30
Dicentra cucullaria,Papaveraceae,Magnoliopsida,Tracheophyta,Plantae,0.8865859508514404,1047,2
Dichomeris flavocostella,Gelechiidae,Insecta,Arthropoda,Animalia,0.7684240341186523,123,2
Dichromorpha viridis,Acrididae,Insecta,Arthropoda,Animalia,4.109513282775879,103,2
Didelphis virginiana,Didelphidae,Mammalia,Chordata,Animalia,4.41115140914917,866,13
Diervilla lonicera,Caprifoliaceae,Magnoliopsida,Tracheophyta,Plantae,0.2818298786878586,394,8
Diphasiastrum digitatum,Lycopodiaceae,Lycopodiopsida,Tracheophyta,Plantae,0.5113575756549835,596,10
Diprion similis,Diprionidae,Insecta,Arthropoda,Animalia,0.3522631376981735,102,2
Dissosteira carolina,Acrididae,Insecta,Arthropoda,Animalia,1.8180160522460937,483,17
Doellingeria umbellata,Asteraceae,Magnoliopsida,Tracheophyta,Plantae,0.32947324216365814,256,6
Dolichovespula arenaria,Vespidae,Insecta,Arthropoda,Animalia,1.8178525567054749,106,14
Dolichovespula maculata,Vespidae,Insecta,Arthropoda,Animalia,5.43096923828125,571,16
Dolomedes tenebrosus,Pisauridae,Arachnida,Arthropoda,Animalia,0.9843415915966034,280,1
Dolomedes triton,Pisauridae,Arachnida,Arthropoda,Animalia,2.093352198600769,214,7
Draba verna,Brassicaceae,Magnoliopsida,Tracheophyta,Plantae,13.347537994384766,237,39
Drepana arcuata,Drepanidae,Insecta,Arthropoda,Animalia,0.7083837985992432,339,2
Dromogomphus spinosus,Gomphidae,Insecta,Arthropoda,Animalia,0.4093495011329651,257,1
Drosera intermedia,Droseraceae,Magnoliopsida,Tracheophyta,Plantae,0.25389713048934937,188,4
Drosera rotundifolia,Droseraceae,Magnoliopsida,Tracheophyta,Plantae,0.22884246706962585,382,2
Dryocampa rubicunda,Saturniidae,Insecta,Arthropoda,Animalia,0.7570523619651794,766,5
Dryopteris carthusiana,Dryopteridaceae,Polypodiopsida,Tracheophyta,Plantae,1.4052276611328125,217,7
Dryopteris cristata,Dryopteridaceae,Polypodiopsida,Tracheophyta,Plantae,0.3298794627189636,126,1
Dryopteris intermedia,Dryopteridaceae,Polypodiopsida,Tracheophyta,Plantae,0.366923987865448,430,8
Dryopteris marginalis,Dryopteridaceae,Polypodiopsida,Tracheophyta,Plantae,0.4966404289007187,478,13
Dysdera crocata,Dysderidae,Arachnida,Arthropoda,Animalia,19.615808486938477,111,12
Ecdytolopha insiticiana,Tortricidae,Insecta,Arthropoda,Animalia,0.7684240341186523,105,9
Echinacea pallida,Asteraceae,Magnoliopsida,Tracheophyta,Plantae,1.7308318614959717,195,2
Echinacea purpurea,Asteraceae,Magnoliopsida,Tracheophyta,Plantae,9.5154266357421875,488,4
Echinocystis lobata,Cucurbitaceae,Magnoliopsida,Tracheophyta,Plantae,1.9285809993743896,425,17
Ectropis crepuscularia,Geometridae,Insecta,Arthropoda,Animalia,0.7949080467224121,300,7
Elaeagnus umbellata,Elaeagnaceae,Magnoliopsida,Tracheophyta,Plantae,2.1545300483703613,1003,39
Elaphria versicolor,Noctuidae,Insecta,Arthropoda,Animalia,0.7684240341186523,156,1
Elkalyce comyntas,Lycaenidae,Insecta,Arthropoda,Animalia,2.657529354095459,1157,12
Ellychnia corrusca,Lampyridae,Insecta,Arthropoda,Animalia,2.1002347469329834,342,87
Enallagma aspersum,Coenagrionidae,Insecta,Arthropoda,Animalia,2.0591344833374023,241,2
Enallagma civile,Coenagrionidae,Insecta,Arthropoda,Animalia,2.9573140144348145,377,2
Enallagma ebrium,Coenagrionidae,Insecta,Arthropoda,Animalia,0.3476024270057678,119,1
Enallagma geminatum,Coenagrionidae,Insecta,Arthropoda,Animalia,1.4757683277130127,233,1
Enallagma signatum,Coenagrionidae,Insecta,Arthropoda,Animalia,3.3263115882873535,323,4
Epargyreus clarus,Hesperiidae,Insecta,Arthropoda,Animalia,4.012786865234375,2250,22
Epiaeschna heros,Aeshnidae,Insecta,Arthropoda,Animalia,4.744999885559082,195,5
Epifagus virginiana,Orobanchaceae,Magnoliopsida,Tracheophyta,Plantae,0.962275892496109,350,3
Epigaea repens,Ericaceae,Magnoliopsida,Tracheophyta,Plantae,0.38999998569488525,490,3
Epipactis helleborine,Orchidaceae,Liliopsida,Tracheophyta,Plantae,0.42123398184776306,584,8
Epitheca princeps,Corduliidae,Insecta,Arthropoda,Animalia,1.3388280868530273,223,4
Equisetum arvense,Equisetaceae,Equisetopsida,Tracheophyta,Plantae,1.3710474371910095,434,13
Equisetum hyemale,Equisetaceae,Equisetopsida,Tracheophyta,Plantae,1.2585296630859375,361,1
Equisetum sylvaticum,Equisetaceae,Equisetopsida,Tracheophyta,Plantae,0.2601809799671173,165,1
Erechtites hieraciifolia,Asteraceae,Magnoliopsida,Tracheophyta,Plantae,6.637863636016846,490,13
Eremnophila aureonotata,Sphecidae,Insecta,Arthropoda,Animalia,4.625412940979004,161,1
Erethizon dorsatus,Erethizontidae,Mammalia,Chordata,Animalia,0.339161679148674,436,1
Erigeron annuus,Asteraceae,Magnoliopsida,Tracheophyta,Plantae,4.9535322189331055,231,7
Erigeron canadensis,Asteraceae,Magnoliopsida,Tracheophyta,Plantae,18.250868797302246,522,17
Erigeron strigosus,Asteraceae,Magnoliopsida,Tracheophyta,Plantae,1.7059869766235352,331,16
Eristalis dimidiata,Syrphidae,Insecta,Arthropoda,Animalia,4.5138840675354,138,1
Eristalis tenax,Syrphidae,Insecta,Arthropoda,Animalia,1.5180408358573914,160,5
Eristalis transversa,Syrphidae,Insecta,Arthropoda,Animalia,8.146958351135254,348,6
Erodium cicutarium,Geraniaceae,Magnoliopsida,Tracheophyta,Plantae,29.51232624053955,120,13
Eryngium yuccifolium,Apiaceae,Magnoliopsida,Tracheophyta,Plantae,2.321140766143799,543,2
Erynnis baptisiae,Hesperiidae,Insecta,Arthropoda,Animalia,5.859999656677246,297,2
Erynnis horatius,Hesperiidae,Insecta,Arthropoda,Animalia,3.662519931793213,289,1
Erynnis juvenalis,Hesperiidae,Insecta,Arthropoda,Animalia,0.6353005170822144,230,1
Erythemis simplicicollis,Libellulidae,Insecta,Arthropoda,Animalia,2.206454277038574,2970,55
Erythronium americanum,Liliaceae,Liliopsida,Tracheophyta,Plantae,1.4995403289794922,1819,9
Estigmene acrea,Arctiidae,Insecta,Arthropoda,Animalia,2.0124311447143555,426,1
Euchaetes egle,Arctiidae,Insecta,Arthropoda,Animalia,1.7025885581970215,927,8
Euclea delphinii,Limacodidae,Insecta,Arthropoda,Animalia,0.7684240341186523,269,2
Eudryas grata,Noctuidae,Insecta,Arthropoda,Animalia,0.7949080467224121,429,1
Eudryas unio,Noctuidae,Insecta,Arthropoda,Animalia,1.1598827838897705,253,4
Eumorpha pandorus,Sphingidae,Insecta,Arthropoda,Animalia,3.722390055656433,248,2
Euonymus alatus,Celastraceae,Magnoliopsida,Tracheophyta,Plantae,5.962481260299683,564,55
Euonymus fortunei,Celastraceae,Magnoliopsida,Tracheophyta,Plantae,18.135650634765625,513,25
Euparthenos nubilis,Noctuidae,Insecta,Arthropoda,Animalia,0.7684240341186523,136,2
Eupatorium perfoliatum,Asteraceae,Magnoliopsida,Tracheophyta,Plantae,0.9505825936794281,614,5
Euphorbia corollata,Euphorbiaceae,Magnoliopsida,Tracheophyta,Plantae,0.7717018723487854,491,2
Euphorbia cyparissias,Euphorbiaceae,Magnoliopsida,Tracheophyta,Plantae,1.2599999904632568,245,23
Euphorbia maculata,Euphorbiaceae,Magnoliopsida,Tracheophyta,Plantae,25.193191528320313,514,19
Euphydryas phaeton,Nymphalidae,Insecta,Arthropoda,Animalia,1.02432382106781,185,6
Euphyes vestris,Hesperiidae,Insecta,Arthropoda,Animalia,0.7554187178611755,347,4
Euphyia intermediata,Geometridae,Insecta,Arthropoda,Animalia,0.8274877071380615,190,1
Eupithecia miserulata,Geometridae,Insecta,Arthropoda,Animalia,2.7465174198150635,144,1
Euptoieta claudia,Nymphalidae,Insecta,Arthropoda,Animalia,3.812349796295166,520,1
Euptychia cymela,Nymphalidae,Insecta,Arthropoda,Animalia,1.1352624893188477,560,11
Eurosta solidaginis,Tephritidae,Insecta,Arthropoda,Animalia,2.446376085281372,211,3
Eurybia macrophylla,Asteraceae,Magnoliopsida,Tracheophyta,Plantae,0.34030839800834656,274,2
Eurycea bislineata,Plethodontidae,Amphibia,Chordata,Animalia,0.5072461366653442,294,1
Euthamia graminifolia,Asteraceae,Magnoliopsida,Tracheophyta,Plantae,0.6688427329063416,336,6
Eutrochium maculatum,Asteraceae,Magnoliopsida,Tracheophyta,Plantae,0.6460503041744232,458,4
Evernia mesomorpha,Parmeliaceae,Lecanoromycetes,Ascomycota,Fungi,0.3295498490333557,105,2
Exidia recisa,Auriculariaceae,Agaricomycetes,Basidiomycota,Fungi,3.369839668273926,233,19
Exomala orientalis,Rutelidae,Insecta,Arthropoda,Animalia,7.415131568908691,463,72
Fagus grandifolia,Fagaceae,Magnoliopsida,Tracheophyta,Plantae,1.3119158744812012,3203,90
Felis catus,Felidae,Mammalia,Chordata,Animalia,17.413846969604492,222,1
Feltia herilis,Noctuidae,Insecta,Arthropoda,Animalia,0.7684240341186523,140,3
Feltia jaculifera,Noctuidae,Insecta,Arthropoda,Animalia,0.6260941922664642,148,1
Ficaria verna,Ranunculaceae,Magnoliopsida,Tracheophyta,Plantae,14.915777206420898,1504,70
Flatormenis proxima,Flatidae,Insecta,Arthropoda,Animalia,8.852558135986328,202,18
Flavoparmelia caperata,Parmeliaceae,Lecanoromycetes,Ascomycota,Fungi,7.208213567733765,584,46
Fomes fomentarius,Polyporaceae,Agaricomycetes,Basidiomycota,Fungi,0.3779589533805847,161,4
Fomitopsis betulina,Fomitopsidaceae,Agaricomycetes,Basidiomycota,Fungi,1.062027096748352,307,52
Forficula auricularia,Forficulidae,Insecta,Arthropoda,Animalia,8.979999542236328,177,17
Fragaria vesca,Rosaceae,Magnoliopsida,Tracheophyta,Plantae,1.1095924377441406,345,8
Fragaria virginiana,Rosaceae,Magnoliopsida,Tracheophyta,Plantae,0.9628795087337494,512,4
Frangula alnus,Rhamnaceae,Magnoliopsida,Tracheophyta,Plantae,2.3011341094970703,608,84
Fraxinus americana,Oleaceae,Magnoliopsida,Tracheophyta,Plantae,0.6407142877578735,751,17
Fraxinus nigra,Oleaceae,Magnoliopsida,Tracheophyta,Plantae,0.34158167243003845,221,1
Fraxinus pennsylvanica,Oleaceae,Magnoliopsida,Tracheophyta,Plantae,11.629353523254395,331,3
Fuligo septica,Physaraceae,Myxomycetes,Mycetozoa,Protozoa,3.766364574432373,242,13
Galanthus nivalis,Amaryllidaceae,Liliopsida,Tracheophyta,Plantae,13.078150749206543,195,11
Galasa nigrinodis,Pyralidae,Insecta,Arthropoda,Animalia,1.9614579677581787,143,2
Galinsoga quadriradiata,Asteraceae,Magnoliopsida,Tracheophyta,Plantae,47.15900421142578,189,6
Galium aparine,Rubiaceae,Magnoliopsida,Tracheophyta,Plantae,16.208900451660156,741,14
Galium mollugo,Rubiaceae,Magnoliopsida,Tracheophyta,Plantae,1.5581445693969727,160,9
Ganoderma applanatum,Ganodermataceae,Agaricomycetes,Basidiomycota,Fungi,2.267667055130005,225,4
Ganoderma resinaceum,Ganodermataceae,Agaricomycetes,Basidiomycota,Fungi,33.26806640625,156,8
Ganoderma tsugae,Ganodermataceae,Agaricomycetes,Basidiomycota,Fungi,0.36311475932598114,232,7
Gaultheria procumbens,Ericaceae,Magnoliopsida,Tracheophyta,Plantae,0.47563737630844116,727,45
Gaylussacia baccata,Ericaceae,Magnoliopsida,Tracheophyta,Plantae,0.34118181467056274,199,4
Geranium maculatum,Geraniaceae,Magnoliopsida,Tracheophyta,Plantae,1.6844017505645752,1564,64
Geranium robertianum,Geraniaceae,Magnoliopsida,Tracheophyta,Plantae,0.7221008539199829,457,2
Geum canadense,Rosaceae,Magnoliopsida,Tracheophyta,Plantae,6.605707168579102,633,17
Glechoma hederacea,Lamiaceae,Magnoliopsida,Tracheophyta,Plantae,10.441951751708984,2375,127
Gleditsia triacanthos,Fabaceae,Magnoliopsida,Tracheophyta,Plantae,8.729000091552734,621,26
Goodyera pubescens,Orchidaceae,Liliopsida,Tracheophyta,Plantae,0.3799999952316284,655,11
Graphocephala coccinea,Cicadellidae,Insecta,Arthropoda,Animalia,11.583528518676758,117,3
Grifola frondosa,Meripilaceae,Agaricomycetes,Basidiomycota,Fungi,5.058485984802246,109,6
Gymnosporangium juniperi-virginianae,Pucciniaceae,Pucciniomycetes,Basidiomycota,Fungi,2.0480008125305176,265,12
Hackelia virginiana,Boraginaceae,Magnoliopsida,Tracheophyta,Plantae,8.785844802856445,226,1
Hagenius brevistylus,Gomphidae,Insecta,Arthropoda,Animalia,0.33484846353530884,247,1
Halictus ligatus,Halictidae,Insecta,Arthropoda,Animalia,8.962155818939209,266,26
Halyomorpha halys,Pentatomidae,Insecta,Arthropoda,Animalia,11.97770357131958,838,40
Halysidota harrisii,Arctiidae,Insecta,Arthropoda,Animalia,7.3861589431762695,227,3
Halysidota tessellaris,Arctiidae,Insecta,Arthropoda,Animalia,1.109305202960968,894,8
Hamamelis virginiana,Hamamelidaceae,Magnoliopsida,Tracheophyta,Plantae,1.175420880317688,940,39
Haploa clymene,Arctiidae,Insecta,Arthropoda,Animalia,1.1700727343559265,244,2
Harmonia axyridis,Coccinellidae,Insecta,Arthropoda,Animalia,10.532974243164062,2363,86
Harrisimemna trisignata,Noctuidae,Insecta,Arthropoda,Animalia,0.7083837985992432,125,1
Hedera helix,Araliaceae,Magnoliopsida,Tracheophyta,Plantae,32.906158447265625,2126,65
Helianthus annuus,Asteraceae,Magnoliopsida,Tracheophyta,Plantae,23.975622177124023,149,1
Helianthus divaricatus,Asteraceae,Magnoliopsida,Tracheophyta,Plantae,0.8066373467445374,131,4
Heliomata cycladata,Geometridae,Insecta,Arthropoda,Animalia,0.8510614633560181,146,9
Hemaris diffinis,Sphingidae,Insecta,Arthropoda,Animalia,2.910499095916748,604,7
Hemaris thysbe,Sphingidae,Insecta,Arthropoda,Animalia,2.0591344833374023,517,8
Hemerocallis fulva,Asphodelaceae,Liliopsida,Tracheophyta,Plantae,4.389857053756714,402,12
Hepatica nobilis,Ranunculaceae,Magnoliopsida,Tracheophyta,Plantae,0.5692630112171173,1146,2
Herminia laevigata,Erebidae,Insecta,Arthropoda,Animalia,0.7684240341186523,126,2
Herpetogramma pertextalis,Crambidae,Insecta,Arthropoda,Animalia,1.3049999475479126,125,3
Herpyllus ecclesiasticus,Gnaphosidae,Arachnida,Arthropoda,Animalia,4.148950576782227,129,2
Hesperis matronalis,Brassicaceae,Magnoliopsida,Tracheophyta,Plantae,3.9726076126098633,1236,26
Heterodon platirhinos,Dipsadidae,Reptilia,Chordata,Animalia,0.7738009691238403,173,2
Heterophleps triguttaria,Geometridae,Insecta,Arthropoda,Animalia,1.1767516136169434,123,2
Hibiscus syriacus,Malvaceae,Magnoliopsida,Tracheophyta,Plantae,15.791401863098145,435,17
Hormaphis hamamelidis,Aphididae,Insecta,Arthropoda,Animalia,7.354612827301025,136,13
Houstonia caerulea,Rubiaceae,Magnoliopsida,Tracheophyta,Plantae,1.093198299407959,609,29
Hyalophora cecropia,Saturniidae,Insecta,Arthropoda,Animalia,3.7197370529174805,312,3
Hydrangea quercifolia,Hydrangeaceae,Magnoliopsida,Tracheophyta,Plantae,9.726984977722168,281,3
Hyla versicolor,Hylidae,Amphibia,Chordata,Animalia,1.265721321105957,977,40
Hylephila phyleus,Hesperiidae,Insecta,Arthropoda,Animalia,10.892166137695312,683,1
Hyles gallii,Sphingidae,Insecta,Arthropoda,Animalia,0.5955038964748383,124,3
Hyles lineata,Sphingidae,Insecta,Arthropoda,Animalia,7.664941310882568,152,2
Hymenia perspectalis,Crambidae,Insecta,Arthropoda,Animalia,4.39618444442749,174,1
Hypena baltimoralis,Erebidae,Insecta,Arthropoda,Animalia,0.7684240341186523,353,3
Hypena scabra,Erebidae,Insecta,Arthropoda,Animalia,3.1850000619888306,868,6
Hypercompe scribonia,Arctiidae,Insecta,Arthropoda,Animalia,1.9917348623275757,644,16
Hypericum perforatum,Hypericaceae,Magnoliopsida,Tracheophyta,Plantae,1.301466941833496,549,39
Hypopitys monotropa,Ericaceae,Magnoliopsida,Tracheophyta,Plantae,0.35607267916202545,202,7
Hypoprepia fucosa,Arctiidae,Insecta,Arthropoda,Animalia,0.7083837985992432,542,2
Hypoxis hirsuta,Hypoxidaceae,Liliopsida,Tracheophyta,Plantae,0.7800588011741638,263,8
Hypsopygia costalis,Pyralidae,Insecta,Arthropoda,Animalia,0.7684240341186523,113,1
Idaea dimidiata,Geometridae,Insecta,Arthropoda,Animalia,1.0769401788711548,201,4
Idia aemula,Erebidae,Insecta,Arthropoda,Animalia,1.7128299474716187,549,11
Idia americalis,Erebidae,Insecta,Arthropoda,Animalia,1.3596669435501099,474,7
Idia lubricalis,Erebidae,Insecta,Arthropoda,Animalia,1.0727986097335815,203,8
Ilex glabra,Aquifoliaceae,Magnoliopsida,Tracheophyta,Plantae,0.9486597776412964,239,10
Ilex opaca,Aquifoliaceae,Magnoliopsida,Tracheophyta,Plantae,4.749512672424316,1641,28
Ilex verticillata,Aquifoliaceae,Magnoliopsida,Tracheophyta,Plantae,0.6175978183746338,584,37
Impatiens capensis,Balsaminaceae,Magnoliopsida,Tracheophyta,Plantae,1.9396206736564636,2428,96
Inula helenium,Asteraceae,Magnoliopsida,Tracheophyta,Plantae,0.7877528667449951,103,1
Ipomoea purpurea,Convolvulaceae,Magnoliopsida,Tracheophyta,Plantae,16.924312591552734,141,5
Iridopsis larvaria,Geometridae,Insecta,Arthropoda,Animalia,0.7684240341186523,221,4
Iris pseudacorus,Iridaceae,Liliopsida,Tracheophyta,Plantae,7.498289108276367,543,16
Iris versicolor,Iridaceae,Liliopsida,Tracheophyta,Plantae,0.3799999952316284,517,10
Irpex lacteus,Meruliaceae,Agaricomycetes,Basidiomycota,Fungi,8.911803245544434,155,10
Ischnura posita,Coenagrionidae,Insecta,Arthropoda,Animalia,2.8330700397491455,978,14
Ischnura verticalis,Coenagrionidae,Insecta,Arthropoda,Animalia,2.382999897003174,1451,22
Ixodes scapularis,Ixodidae,Arachnida,Arthropoda,Animalia,0.9403754472732544,229,23
Jikradia olitorius,Cicadellidae,Insecta,Arthropoda,Animalia,9.241397380828857,100,10
Juglans cinerea,Juglandaceae,Magnoliopsida,Tracheophyta,Plantae,1.3898249864578247,272,2
Juglans nigra,Juglandaceae,Magnoliopsida,Tracheophyta,Plantae,7.256338596343994,1038,25
Juncus effusus,Juncaceae,Liliopsida,Tracheophyta,Plantae,2.0371646881103516,182,2
Juniperus communis,Cupressaceae,Pinopsida,Tracheophyta,Plantae,0.3190945237874985,326,9
Juniperus virginiana,Cupressaceae,Pinopsida,Tracheophyta,Plantae,2.872347593307495,2039,122
Junonia coenia,Nymphalidae,Insecta,Arthropoda,Animalia,3.3506908416748047,1644,9
Kalmia angustifolia,Ericaceae,Magnoliopsida,Tracheophyta,Plantae,0.3443518877029419,417,11
Kalmia latifolia,Ericaceae,Magnoliopsida,Tracheophyta,Plantae,0.7207014560699463,919,27
Krigia virginica,Asteraceae,Magnoliopsida,Tracheophyta,Plantae,0.9911401271820068,111,5
Labidomera clivicollis,Chrysomelidae,Insecta,Arthropoda,Animalia,5.0693559646606445,504,8
Lacinipolia renigera,Noctuidae,Insecta,Arthropoda,Animalia,0.8274877071380615,444,6
Lactuca serriola,Asteraceae,Magnoliopsida,Tracheophyta,Plantae,36.660736083984375,335,14
Laetiporus sulphureus,Fomitopsidaceae,Agaricomycetes,Basidiomycota,Fungi,1.8710479736328125,547,18
Lambdina quercivoraria,Geometridae,Insecta,Arthropoda,Animalia,0.7684240341186523,112,1
Lamium amplexicaule,Lamiaceae,Magnoliopsida,Tracheophyta,Plantae,33.54124450683594,1293,59
Lamium purpureum,Lamiaceae,Magnoliopsida,Tracheophyta,Plantae,18.267794609069824,2178,73
Lampropeltis triangulum,Colubridae,Reptilia,Chordata,Animalia,0.6558549106121063,348,13
Lantana camara,Verbenaceae,Magnoliopsida,Tracheophyta,Plantae,15.516213417053223,294,1
Lapara bombycoides,Sphingidae,Insecta,Arthropoda,Animalia,0.4140043258666992,135,2
Lapsana communis,Asteraceae,Magnoliopsida,Tracheophyta,Plantae,2.7387932538986206,146,4
Larix laricina,Pinaceae,Pinopsida,Tracheophyta,Plantae,0.3150855302810669,671,2
Lascoria ambigualis,Noctuidae,Insecta,Arthropoda,Animalia,0.7700022459030151,298,3
Lathyrus japonicus,Fabaceae,Magnoliopsida,Tracheophyta,Plantae,0.3755333721637726,177,13
Lathyrus latifolius,Fabaceae,Magnoliopsida,Tracheophyta,Plantae,4.956433296203613,125,3
Leiobunum vittatum,Sclerosomatidae,Arachnida,Arthropoda,Animalia,2.3474643230438232,163,7
Lemna minor,Araceae,Liliopsida,Tracheophyta,Plantae,2.8185230493545532,140,13
Leonurus cardiaca,Lamiaceae,Magnoliopsida,Tracheophyta,Plantae,10.334678649902344,687,16
Lepidium virginicum,Brassicaceae,Magnoliopsida,Tracheophyta,Plantae,37.53935241699219,264,1
Leptinotarsa juncta,Chrysomelidae,Insecta,Arthropoda,Animalia,6.193253517150879,145,2
Leptoglossus occidentalis,Coreidae,Insecta,Arthropoda,Animalia,3.0976083278656006,223,17
Lespedeza capitata,Fabaceae,Magnoliopsida,Tracheophyta,Plantae,1.9253029227256775,268,6
Lestes congener,Lestidae,Insecta,Arthropoda,Animalia,3.071164608001709,169,4
Lestes rectangularis,Lestidae,Insecta,Arthropoda,Animalia,2.0977373123168945,343,10
Lethe appalachia,Nymphalidae,Insecta,Arthropoda,Animalia,1.0789146423339844,135,2
Leucanthemum vulgare,Asteraceae,Magnoliopsida,Tracheophyta,Plantae,1.4049534797668457,947,17
Leucauge venusta,Tetragnathidae,Arachnida,Arthropoda,Animalia,5.771780967712402,482,12
Leucobryum glaucum,Dicranaceae,Bryopsida,Bryophyta,Plantae,0.4261031746864319,143,6
Leuconycta diphteroides,Noctuidae,Insecta,Arthropoda,Animalia,0.7949080467224121,492,5
Leucorrhinia frigida,Libellulidae,Insecta,Arthropoda,Animalia,0.2178320586681366,114,1
Leucorrhinia intacta,Libellulidae,Insecta,Arthropoda,Animalia,0.9766401052474976,520,18
Liatris pycnostachya,Asteraceae,Magnoliopsida,Tracheophyta,Plantae,1.787673830986023,219,2
Libellula cyanea,Libellulidae,Insecta,Arthropoda,Animalia,0.566994309425354,243,8
Libellula deplanata,Libellulidae,Insecta,Arthropoda,Animalia,0.9012148082256317,212,1
Libellula incesta,Libellulidae,Insecta,Arthropoda,Animalia,0.7595351934432983,802,16
Libellula julia,Libellulidae,Insecta,Arthropoda,Animalia,0.23855140805244446,537,1
Libellula luctuosa,Libellulidae,Insecta,Arthropoda,Animalia,1.3035767078399658,1717,36
Libellula lydia,Libellulidae,Insecta,Arthropoda,Animalia,2.3097612857818604,2439,63
Libellula pulchella,Libellulidae,Insecta,Arthropoda,Animalia,1.5139326453208923,862,16
Libellula semifasciata,Libellulidae,Insecta,Arthropoda,Animalia,2.0160436630249023,232,16
Libytheana carinenta,Nymphalidae,Insecta,Arthropoda,Animalia,2.5530636310577393,422,1
Lilium canadense,Liliaceae,Liliopsida,Tracheophyta,Plantae,0.4993640184402466,109,4
Limax maximus,Limacidae,Gastropoda,Mollusca,Animalia,11.452341079711914,420,9
Limenitis archippus,Nymphalidae,Insecta,Arthropoda,Animalia,1.448063850402832,915,7
Limenitis arthemis,Nymphalidae,Insecta,Arthropoda,Animalia,0.7579149007797241,1425,6
Limenitis astyanax,Nymphalidae,Insecta,Arthropoda,Animalia,1.8472363948822021,1141,5
Limonium carolinianum,Plumbaginaceae,Magnoliopsida,Tracheophyta,Plantae,0.7867153286933899,101,7
Linaria vulgaris,Plantaginaceae,Magnoliopsida,Tracheophyta,Plantae,6.300491094589233,670,58
Lindera benzoin,Lauraceae,Magnoliopsida,Tracheophyta,Plantae,7.595000267028809,1181,16
Liquidambar styraciflua,Altingiaceae,Magnoliopsida,Tracheophyta,Plantae,9.274251937866211,2526,24
Liriodendron tulipifera,Magnoliaceae,Magnoliopsida,Tracheophyta,Plantae,5.751292943954468,2964,23
Lithacodes fasciola,Limacodidae,Insecta,Arthropoda,Animalia,0.7684240341186523,230,3
Lithacodia carneola,Noctuidae,Insecta,Arthropoda,Animalia,0.8244737386703491,438,7
Lithacodia muscosula,Noctuidae,Insecta,Arthropoda,Animalia,0.7684240341186523,338,3
Lithacodia musta,Noctuidae,Insecta,Arthropoda,Animalia,0.7684240341186523,101,1
Lithacodia synochitis,Noctuidae,Insecta,Arthropoda,Animalia,0.7949080467224121,334,5
Lithobates catesbeianus,Ranidae,Amphibia,Chordata,Animalia,1.8647441864013672,1871,74
Lithobates clamitans,Ranidae,Amphibia,Chordata,Animalia,1.0166778564453125,2809,58
Lithobates palustris,Ranidae,Amphibia,Chordata,Animalia,0.7727251648902893,606,41
Lithobates sylvaticus,Ranidae,Amphibia,Chordata,Animalia,0.637719452381134,1237,71
Lobelia cardinalis,Campanulaceae,Magnoliopsida,Tracheophyta,Plantae,1.2097804546356201,985,23
Lobelia inflata,Campanulaceae,Magnoliopsida,Tracheophyta,Plantae,0.9125824570655823,388,4
Lonicera japonica,Caprifoliaceae,Magnoliopsida,Tracheophyta,Plantae,9.459430694580078,1478,5
Lonicera maackii,Caprifoliaceae,Magnoliopsida,Tracheophyta,Plantae,16.971227645874023,724,1
Lonicera morrowii,Caprifoliaceae,Magnoliopsida,Tracheophyta,Plantae,2.034656524658203,183,11
Lonicera tatarica,Caprifoliaceae,Magnoliopsida,Tracheophyta,Plantae,4.411183834075928,161,1
Lophocampa caryae,Arctiidae,Insecta,Arthropoda,Animalia,0.7587551474571228,1045,3
Lotus corniculatus,Fabaceae,Magnoliopsida,Tracheophyta,Plantae,5.35693359375,1463,43
Lucanus capreolus,Lucanidae,Insecta,Arthropoda,Animalia,9.3402099609375,315,29
Lucidota atra,Lampyridae,Insecta,Arthropoda,Animalia,5.045435905456543,165,20
Lucilia sericata,Calliphoridae,Insecta,Arthropoda,Animalia,16.35520839691162,108,11
Lumbricus terrestris,Lumbricidae,Clitellata,Annelida,Animalia,19.710912704467773,196,27
Lunaria annua,Brassicaceae,Magnoliopsida,Tracheophyta,Plantae,9.517661094665527,116,8
Lupinus polyphyllus,Fabaceae,Magnoliopsida,Tracheophyta,Plantae,1.055810809135437,103,4
Lycaena phlaeas,Lycaenidae,Insecta,Arthropoda,Animalia,0.9635908603668213,194,26
Lycogala epidendrum,Tubiferaceae,Myxomycetes,Mycetozoa,Protozoa,1.8249236345291138,283,15
Lycoperdon perlatum,Agaricaceae,Agaricomycetes,Basidiomycota,Fungi,0.990509033203125,101,3
Lycoperdon pyriforme,Agaricaceae,Agaricomycetes,Basidiomycota,Fungi,2.1994251012802124,328,9
Lycopus americanus,Lamiaceae,Magnoliopsida,Tracheophyta,Plantae,0.6400564610958099,138,1
Lygaeus kalmii,Lygaeidae,Insecta,Arthropoda,Animalia,6.372999668121338,281,9
Lygaeus turcicus,Lygaeidae,Insecta,Arthropoda,Animalia,10.899848937988281,192,9
Lymantria dispar,Erebidae,Insecta,Arthropoda,Animalia,1.7063935995101929,968,93
Lysimachia arvensis,Primulaceae,Magnoliopsida,Tracheophyta,Plantae,11.81463623046875,437,15
Lysimachia borealis,Primulaceae,Magnoliopsida,Tracheophyta,Plantae,0.34204769134521484,1113,91
Lysimachia ciliata,Primulaceae,Magnoliopsida,Tracheophyta,Plantae,1.093198299407959,509,1
Lysimachia nummularia,Primulaceae,Magnoliopsida,Tracheophyta,Plantae,2.8574376106262207,480,6
Lysimachia quadrifolia,Primulaceae,Magnoliopsida,Tracheophyta,Plantae,0.5936456322669983,375,33
Lysimachia terrestris,Primulaceae,Magnoliopsida,Tracheophyta,Plantae,0.3027401566505432,319,13
Lythrum salicaria,Lythraceae,Magnoliopsida,Tracheophyta,Plantae,4.085333347320557,1256,84
Machimia tentoriferella,Oecophoridae,Insecta,Arthropoda,Animalia,0.7684240341186523,154,3
Maevia inclemens,Salticidae,Arachnida,Arthropoda,Animalia,1.6211142539978027,109,9
Magnolia virginiana,Magnoliaceae,Magnoliopsida,Tracheophyta,Plantae,1.9206984043121338,217,2
Maianthemum canadense,Asparagaceae,Liliopsida,Tracheophyta,Plantae,0.5472556352615356,1877,220
Maianthemum racemosum,Asparagaceae,Liliopsida,Tracheophyta,Plantae,0.9962669014930725,1452,32
Maianthemum stellatum,Asparagaceae,Liliopsida,Tracheophyta,Plantae,0.6727789640426636,468,7
Malacosoma americana,Lasiocampidae,Insecta,Arthropoda,Animalia,1.6837430596351624,1096,44
Malacosoma disstria,Lasiocampidae,Insecta,Arthropoda,Animalia,1.0290898084640503,717,19
Malva neglecta,Malvaceae,Magnoliopsida,Tracheophyta,Plantae,45.609031677246094,179,3
Manduca sexta,Sphingidae,Insecta,Arthropoda,Animalia,5.419353485107422,351,6
Mantis religiosa,Mantidae,Insecta,Arthropoda,Animalia,4.456263065338135,204,7
Marmota monax,Sciuridae,Mammalia,Chordata,Animalia,9.742173194885254,1054,41
Martes pennanti,Mustelidae,Mammalia,Chordata,Animalia,0.5955512225627899,112,16
Matricaria discoidea,Asteraceae,Magnoliopsida,Tracheophyta,Plantae,10.462423324584961,427,9
Matteuccia struthiopteris,Onocleaceae,Polypodiopsida,Tracheophyta,Plantae,0.866891086101532,703,4
Meconema thalassinum,Tettigoniidae,Insecta,Arthropoda,Animalia,6.165252447128296,104,5
Medeola virginiana,Liliaceae,Liliopsida,Tracheophyta,Plantae,0.3099498748779297,657,26
Medicago lupulina,Fabaceae,Magnoliopsida,Tracheophyta,Plantae,16.163082122802734,664,12
Medicago sativa,Fabaceae,Magnoliopsida,Tracheophyta,Plantae,1.7755615711212158,168,1
Megachile sculpturalis,Megachilidae,Insecta,Arthropoda,Animalia,10.899848937988281,123,2
Megacyllene robiniae,Cerambycidae,Insecta,Arthropoda,Animalia,8.296775817871094,205,17
Melanoplus bivittatus,Acrididae,Insecta,Arthropoda,Animalia,0.7517805099487305,280,6
Melanoplus differentialis,Acrididae,Insecta,Arthropoda,Animalia,10.274316787719727,374,8
Melanoplus punctulatus,Acrididae,Insecta,Arthropoda,Animalia,2.0768074989318848,116,8
Melilotus albus,Fabaceae,Magnoliopsida,Tracheophyta,Plantae,2.756162643432617,736,12
Melilotus officinalis,Fabaceae,Magnoliopsida,Tracheophyta,Plantae,7.000268936157227,423,6
Melissodes bimaculata,Apidae,Insecta,Arthropoda,Animalia,21.107526779174805,254,3
Melittia cucurbitae,Sesiidae,Insecta,Arthropoda,Animalia,14.554993629455566,116,1
Mephitis mephitis,Mephitidae,Mammalia,Chordata,Animalia,1.630427598953247,421,15
Mertensia virginica,Boraginaceae,Magnoliopsida,Tracheophyta,Plantae,4.883880615234375,1297,6
Metanema inatomaria,Geometridae,Insecta,Arthropoda,Animalia,0.7083837985992432,164,1
Metcalfa pruinosa,Flatidae,Insecta,Arthropoda,Animalia,8.791882514953613,369,14
Micrathena gracilis,Araneidae,Arachnida,Arthropoda,Animalia,1.55195951461792,364,1
Microcrambus elegans,Crambidae,Insecta,Arthropoda,Animalia,1.319204568862915,573,8
Microstegium vimineum,Poaceae,Liliopsida,Tracheophyta,Plantae,2.9091567993164062,601,2
Mikania scandens,Asteraceae,Magnoliopsida,Tracheophyta,Plantae,3.847743034362793,219,1
Mimulus ringens,Phrymaceae,Magnoliopsida,Tracheophyta,Plantae,0.8901168704032898,422,6
Misumena vatia,Thomisidae,Arachnida,Arthropoda,Animalia,0.839838445186615,246,1
Mitchella repens,Rubiaceae,Magnoliopsida,Tracheophyta,Plantae,0.6353611946105957,1633,103
Mollugo verticillata,Molluginaceae,Magnoliopsida,Tracheophyta,Plantae,38.713619232177734,168,5
Monarda didyma,Lamiaceae,Magnoliopsida,Tracheophyta,Plantae,0.9625377655029297,197,4
Monarda fistulosa,Lamiaceae,Magnoliopsida,Tracheophyta,Plantae,3.3263115882873535,1359,13
Monarda punctata,Lamiaceae,Magnoliopsida,Tracheophyta,Plantae,1.9983153343200684,340,2
Monobia quadridens,Eumenidae,Insecta,Arthropoda,Animalia,5.198592185974121,292,6
Monochamus scutellatus,Cerambycidae,Insecta,Arthropoda,Animalia,0.392295777797699,324,4
Monotropa uniflora,Ericaceae,Magnoliopsida,Tracheophyta,Plantae,0.5854341983795166,1705,124
Morella pensylvanica,Myricaceae,Magnoliopsida,Tracheophyta,Plantae,0.9287173449993134,236,17
Morus alba,Moraceae,Magnoliopsida,Tracheophyta,Plantae,21.90533447265625,713,6
Mydas clavatus,Mydidae,Insecta,Arthropoda,Animalia,6.54280948638916,114,4
Myodocha serripes,Rhyparochromidae,Insecta,Arthropoda,Animalia,8.04093599319458,112,2
Myosotis scorpioides,Boraginaceae,Magnoliopsida,Tracheophyta,Plantae,1.9032362699508667,104,2
Myrica gale,Myricaceae,Magnoliopsida,Tracheophyta,Plantae,0.22697222232818604,262,1
Mythimna unipuncta,Noctuidae,Insecta,Arthropoda,Animalia,2.1743955612182617,549,7
Nabalus albus,Asteraceae,Magnoliopsida,Tracheophyta,Plantae,0.7130081653594971,112,1
Nadata gibbosa,Notodontidae,Insecta,Arthropoda,Animalia,0.7684240341186523,559,3
Naphrys pulex,Salticidae,Arachnida,Arthropoda,Animalia,5.750149250030518,105,3
Nasturtium officinale,Brassicaceae,Magnoliopsida,Tracheophyta,Plantae,1.7304279804229736,103,2
Necrophila americana,Silphidae,Insecta,Arthropoda,Animalia,1.2979703545570374,446,10
Nelumbo lutea,Nelumbonaceae,Magnoliopsida,Tracheophyta,Plantae,1.125849962234497,135,12
Nematocampa resistaria,Geometridae,Insecta,Arthropoda,Animalia,0.7916769981384277,430,1
Nemoria bistriaria,Geometridae,Insecta,Arthropoda,Animalia,0.7684240341186523,211,1
Neofavolus alveolaris,Polyporaceae,Agaricomycetes,Basidiomycota,Fungi,1.90568208694458,167,3
Neoscona crucifera,Araneidae,Arachnida,Arthropoda,Animalia,9.5154266357421875,186,1
Neotibicen canicularis,Cicadidae,Insecta,Arthropoda,Animalia,11.227543830871582,163,2
Neovison vison,Mustelidae,Mammalia,Chordata,Animalia,2.6938934326171875,357,8
Neoxabea bipunctata,Gryllidae,Insecta,Arthropoda,Animalia,1.6824486255645752,133,3
Nepeta cataria,Lamiaceae,Magnoliopsida,Tracheophyta,Plantae,9.696468353271484,280,1
Nephelodes minians,Noctuidae,Insecta,Arthropoda,Animalia,0.7949080467224121,184,1
Nicrophorus orbicollis,Silphidae,Insecta,Arthropoda,Animalia,0.7684240341186523,184,1
Noctua pronuba,Noctuidae,Insecta,Arthropoda,Animalia,2.1011404991149902,399,11
Nomophila nearctica,Crambidae,Insecta,Arthropoda,Animalia,3.4116907119750977,364,4
Notophthalmus viridescens,Salamandridae,Amphibia,Chordata,Animalia,0.34557947516441345,1609,4
Nuphar variegata,Nymphaeaceae,Magnoliopsida,Tracheophyta,Plantae,0.28911417722702026,191,6
Nuttallanthus canadensis,Plantaginaceae,Magnoliopsida,Tracheophyta,Plantae,1.2937977313995361,268,13
Nycterosea obstipata,Geometridae,Insecta,Arthropoda,Animalia,1.9614579677581787,337,3
Nyctobia limitaria,Geometridae,Insecta,Arthropoda,Animalia,0.7699999809265137,113,3
Nymphaea odorata,Nymphaeaceae,Magnoliopsida,Tracheophyta,Plantae,0.7978140711784363,593,30
Nymphalis antiopa,Nymphalidae,Insecta,Arthropoda,Animalia,1.3747690916061401,522,10
Nyssa sylvatica,Nyssaceae,Magnoliopsida,Tracheophyta,Plantae,1.9141420125961304,318,5
Ochropleura implecta,Noctuidae,Insecta,Arthropoda,Animalia,0.7684240341186523,302,4
Oclemena acuminata,Asteraceae,Magnoliopsida,Tracheophyta,Plantae,0.2248644381761551,230,3
Odocoileus virginianus,Cervidae,Mammalia,Chordata,Animalia,3.4661476612091064,5316,137
Oeneis polixenes,Nymphalidae,Insecta,Arthropoda,Animalia,10.428192138671875,200,1
Oenothera biennis,Onagraceae,Magnoliopsida,Tracheophyta,Plantae,10.899848937988281,769,48
Oncopeltus fasciatus,Lygaeidae,Insecta,Arthropoda,Animalia,11.37400484085083,1166,12
Ondatra zibethicus,Cricetidae,Mammalia,Chordata,Animalia,3.9748079776763916,669,38
Oniscus asellus,Oniscidae,Malacostraca,Arthropoda,Animalia,8.303319931030273,243,65
Onoclea sensibilis,Onocleaceae,Polypodiopsida,Tracheophyta,Plantae,1.1486444473266602,3147,174
Orgyia leucostigma,Erebidae,Insecta,Arthropoda,Animalia,2.071547031402588,703,7
Ornithogalum umbellatum,Asparagaceae,Liliopsida,Tracheophyta,Plantae,10.899848937988281,481,7
Orthosoma brunneum,Cerambycidae,Insecta,Arthropoda,Animalia,1.2871022820472717,180,6
Osmunda regalis,Osmundaceae,Polypodiopsida,Tracheophyta,Plantae,0.4737628847360611,722,35
Osmunda spectabilis,Osmundaceae,Polypodiopsida,Tracheophyta,Plantae,1.0237003564834595,327,20
Osmundastrum cinnamomeum,Osmundaceae,Polypodiopsida,Tracheophyta,Plantae,0.6557961106300354,1305,94
Ostrya virginiana,Betulaceae,Magnoliopsida,Tracheophyta,Plantae,0.6789495944976807,797,11
Oxalis corniculata,Oxalidaceae,Magnoliopsida,Tracheophyta,Plantae,16.805540084838867,132,1
Oxalis dillenii,Oxalidaceae,Magnoliopsida,Tracheophyta,Plantae,16.879608154296875,111,2
Oxidus gracilis,Paradoxosomatidae,Diplopoda,Arthropoda,Animalia,12.559964179992676,132,1
Pachydiplax longipennis,Libellulidae,Insecta,Arthropoda,Animalia,3.8335556983947754,3086,128
Pachypsylla celtidismamma,Aphalaridae,Insecta,Arthropoda,Animalia,42.445831298828125,123,2
Pachysandra terminalis,Buxaceae,Magnoliopsida,Tracheophyta,Plantae,11.581586837768555,151,11
Packera aurea,Asteraceae,Magnoliopsida,Tracheophyta,Plantae,1.9288714528083801,328,4
Palthis angulalis,Noctuidae,Insecta,Arthropoda,Animalia,1.3469011783599854,383,8
Palthis asopialis,Noctuidae,Insecta,Arthropoda,Animalia,1.630427598953247,351,2
Panax trifolius,Araliaceae,Magnoliopsida,Tracheophyta,Plantae,0.6742180585861206,235,1
Panicum clandestinum,Poaceae,Liliopsida,Tracheophyta,Plantae,3.7368814945220947,130,8
Panopoda carneicosta,Noctuidae,Insecta,Arthropoda,Animalia,8.024038314819336,151,1
Panthea furcilla,Noctuidae,Insecta,Arthropoda,Animalia,0.5596896409988403,233,2
Paonias excaecata,Sphingidae,Insecta,Arthropoda,Animalia,0.6252433061599731,457,2
Papilio cresphontes,Papilionidae,Insecta,Arthropoda,Animalia,1.575843095779419,867,4
Papilio glaucus,Papilionidae,Insecta,Arthropoda,Animalia,3.332019805908203,3626,38
Papilio troilus,Papilionidae,Insecta,Arthropoda,Animalia,1.565321683883667,1224,14
Parasteatoda tepidariorum,Theridiidae,Arachnida,Arthropoda,Animalia,6.3440680503845215,103,4
Parathelypteris noveboracensis,Thelypteridaceae,Polypodiopsida,Tracheophyta,Plantae,0.9465664029121399,497,17
Parmelia sulcata,Parmeliaceae,Lecanoromycetes,Ascomycota,Fungi,0.7559568881988525,101,3
Parthenocissus quinquefolia,Vitaceae,Magnoliopsida,Tracheophyta,Plantae,8.779939651489258,3114,69
Parthenocissus tricuspidata,Vitaceae,Magnoliopsida,Tracheophyta,Plantae,55.514474868774414,126,10
Pasiphila rectangulata,Geometridae,Insecta,Arthropoda,Animalia,2.086343765258789,194,8
Pastinaca sativa,Apiaceae,Magnoliopsida,Tracheophyta,Plantae,0.6751879155635834,746,3
Patalene olyzonaria,Geometridae,Insecta,Arthropoda,Animalia,1.7224268913269043,253,4
Paulownia tomentosa,Paulowniaceae,Magnoliopsida,Tracheophyta,Plantae,35.320045471191406,517,1
Pedicularis canadensis,Orobanchaceae,Magnoliopsida,Tracheophyta,Plantae,0.5419609546661377,378,3
Pelidnota punctata,Rutelidae,Insecta,Arthropoda,Animalia,8.253385066986084,444,10
Peltandra virginica,Araceae,Liliopsida,Tracheophyta,Plantae,2.554999828338623,235,13
Penstemon digitalis,Plantaginaceae,Magnoliopsida,Tracheophyta,Plantae,5.094446182250977,444,5
Periplaneta americana,Blattidae,Insecta,Arthropoda,Animalia,44.78437423706055,108,1
Perithemis tenera,Libellulidae,Insecta,Arthropoda,Animalia,3.4729418754577637,1226,19
Persicaria amphibia,Polygonaceae,Magnoliopsida,Tracheophyta,Plantae,0.7046155035495758,186,1
Persicaria longiseta,Polygonaceae,Magnoliopsida,Tracheophyta,Plantae,12.12118911743164,226,7
Persicaria maculosa,Polygonaceae,Magnoliopsida,Tracheophyta,Plantae,17.185802459716797,157,6
Persicaria perfoliata,Polygonaceae,Magnoliopsida,Tracheophyta,Plantae,4.681456565856934,373,3
Persicaria sagittata,Polygonaceae,Magnoliopsida,Tracheophyta,Plantae,0.6921427845954895,176,3
Persicaria virginiana,Polygonaceae,Magnoliopsida,Tracheophyta,Plantae,9.570371627807617,954,2
Phaeolus schweinitzii,Fomitopsidaceae,Agaricomycetes,Basidiomycota,Fungi,0.9465814232826233,106,5
Phalaenophana pyramusalis,Erebidae,Insecta,Arthropoda,Animalia,0.7684240341186523,195,2
Phalaris arundinacea,Poaceae,Liliopsida,Tracheophyta,Plantae,1.8758983612060547,454,3
Phallus rubicundus,Phallaceae,Agaricomycetes,Basidiomycota,Fungi,21.692947387695313,147,2
Phegopteris connectilis,Thelypteridaceae,Polypodiopsida,Tracheophyta,Plantae,0.23555578291416168,309,1
Phidippus audax,Salticidae,Arachnida,Arthropoda,Animalia,9.020902633666992,739,26
Phigalia strigataria,Geometridae,Insecta,Arthropoda,Animalia,0.8214597702026367,105,1
Phigalia titea,Geometridae,Insecta,Arthropoda,Animalia,0.7824540138244629,136,7
Philanthus gibbosus,Crabronidae,Insecta,Arthropoda,Animalia,12.807662963867188,109,10
Philoscia muscorum,Philosciidae,Malacostraca,Arthropoda,Animalia,24.483470916748047,128,15
Phoberia atomaris,Noctuidae,Insecta,Arthropoda,Animalia,1.2449299097061157,105,1
Phoebis sennae,Pieridae,Insecta,Arthropoda,Animalia,2.3972268104553223,433,1
Phyciodes tharos,Nymphalidae,Insecta,Arthropoda,Animalia,1.4802916049957275,1875,19
Phyllopalpus pulchellus,Trigonidiidae,Insecta,Arthropoda,Animalia,8.483028411865234,181,23
Physcia millegrana,Physciaceae,Lecanoromycetes,Ascomycota,Fungi,34.798614501953125,134,7
Physcomitrium pyriforme,Funariaceae,Bryopsida,Bryophyta,Plantae,8.146407127380371,104,2
Physostegia virginiana,Lamiaceae,Magnoliopsida,Tracheophyta,Plantae,6.884961366653442,234,2
Phytolacca americana,Phytolaccaceae,Magnoliopsida,Tracheophyta,Plantae,13.913084030151367,3300,170
Picea abies,Pinaceae,Pinopsida,Tracheophyta,Plantae,4.054652214050293,268,28
Picea glauca,Pinaceae,Pinopsida,Tracheophyta,Plantae,0.8700000047683716,249,1
Picea mariana,Pinaceae,Pinopsida,Tracheophyta,Plantae,0.23208223283290863,144,1
Picea rubens,Pinaceae,Pinopsida,Tracheophyta,Plantae,0.2447100579738617,289,3
Pieris rapae,Pieridae,Insecta,Arthropoda,Animalia,8.936188220977783,1828,56
Pilea pumila,Urticaceae,Magnoliopsida,Tracheophyta,Plantae,2.3011341094970703,375,6
Pilosella aurantiaca,Asteraceae,Magnoliopsida,Tracheophyta,Plantae,0.375,651,5
Pilosella caespitosa,Asteraceae,Magnoliopsida,Tracheophyta,Plantae,0.6903146803379059,152,1
Pilosella venosa,Asteraceae,Magnoliopsida,Tracheophyta,Plantae,1.2506462335586548,183,3
Pinus resinosa,Pinaceae,Pinopsida,Tracheophyta,Plantae,0.549956202507019,519,21
Pinus rigida,Pinaceae,Pinopsida,Tracheophyta,Plantae,3.0940208435058594,931,45
Pinus strobus,Pinaceae,Pinopsida,Tracheophyta,Plantae,1.366758108139038,4125,407
Pinus sylvestris,Pinaceae,Pinopsida,Tracheophyta,Plantae,1.6211142539978027,199,4
Pisaurina mira,Pisauridae,Arachnida,Arthropoda,Animalia,1.630427598953247,315,10
Plagodis alcoolaria,Geometridae,Insecta,Arthropoda,Animalia,0.7684240341186523,125,2
Plantago lanceolata,Plantaginaceae,Magnoliopsida,Tracheophyta,Plantae,17.97210693359375,1319,71
Plantago major,Plantaginaceae,Magnoliopsida,Tracheophyta,Plantae,38.17991065979004,978,65
Plantago rugelii,Plantaginaceae,Magnoliopsida,Tracheophyta,Plantae,22.711188316345215,420,5
Platanus occidentalis,Platanaceae,Magnoliopsida,Tracheophyta,Plantae,7.307827472686768,1975,23
Platycryptus undatus,Salticidae,Arachnida,Arthropoda,Animalia,5.014465808868408,569,34
Platynota idaeusalis,Tortricidae,Insecta,Arthropoda,Animalia,0.7684240341186523,152,2
Plethodon cinereus,Plethodontidae,Amphibia,Chordata,Animalia,1.3978758454322815,1714,125
Pleuroprucha insulsaria,Geometridae,Insecta,Arthropoda,Animalia,4.735541343688965,328,4
Pleurotus ostreatus,Pleurotaceae,Agaricomycetes,Basidiomycota,Fungi,3.0512537956237793,187,2
Plutella xylostella,Plutellidae,Insecta,Arthropoda,Animalia,2.9300408363342285,253,4
Poanes zabulon,Hesperiidae,Insecta,Arthropoda,Animalia,4.869546890258789,746,3
Pococera asperatella,Pyralidae,Insecta,Arthropoda,Animalia,0.8274877071380615,100,1
Podophyllum peltatum,Berberidaceae,Magnoliopsida,Tracheophyta,Plantae,4.450818061828613,3553,43
Poecilocapsus lineatus,Miridae,Insecta,Arthropoda,Animalia,8.445299625396729,112,3
Pogonia ophioglossoides,Orchidaceae,Liliopsida,Tracheophyta,Plantae,0.21852867305278778,156,2
Polistes dominula,Eumenidae,Insecta,Arthropoda,Animalia,23.805137634277344,420,23
Polistes fuscatus,Eumenidae,Insecta,Arthropoda,Animalia,5.7551429271698,494,14
Polites mystic,Hesperiidae,Insecta,Arthropoda,Animalia,0.4088831841945648,108,1
Polites peckius,Hesperiidae,Insecta,Arthropoda,Animalia,9.229836463928223,669,23
Polygaloides paucifolia,Polygalaceae,Magnoliopsida,Tracheophyta,Plantae,0.31067614257335663,372,6
Polygonatum biflorum,Asparagaceae,Liliopsida,Tracheophyta,Plantae,2.178444027900696,422,7
Polygonatum pubescens,Asparagaceae,Liliopsida,Tracheophyta,Plantae,0.49460089206695557,126,1
Polygonia comma,Nymphalidae,Insecta,Arthropoda,Animalia,1.2878644466400146,841,3
Polygonia interrogationis,Nymphalidae,Insecta,Arthropoda,Animalia,3.883579730987549,965,10
Polygonum aviculare,Polygonaceae,Magnoliopsida,Tracheophyta,Plantae,42.04574966430664,145,2
Polygrammate hebraeicum,Noctuidae,Insecta,Arthropoda,Animalia,0.8967852592468262,257,1
Polypodium virginianum,Polypodiaceae,Polypodiopsida,Tracheophyta,Plantae,0.3344898819923401,494,13
Polyporus squamosus,Polyporaceae,Agaricomycetes,Basidiomycota,Fungi,3.9749064445495605,1009,13
Polystichum acrostichoides,Dryopteridaceae,Polypodiopsida,Tracheophyta,Plantae,1.3964017629623413,2578,21
Pompeius verna,Hesperiidae,Insecta,Arthropoda,Animalia,1.9572895765304565,127,3
Pontederia cordata,Pontederiaceae,Liliopsida,Tracheophyta,Plantae,2.2888505458831787,991,40
Popillia japonica,Rutelidae,Insecta,Arthropoda,Animalia,5.929548263549805,1811,35
Populus alba,Salicaceae,Magnoliopsida,Tracheophyta,Plantae,7.785700798034668,133,3
Populus deltoides,Salicaceae,Magnoliopsida,Tracheophyta,Plantae,12.752988815307617,719,11
Populus grandidentata,Salicaceae,Magnoliopsida,Tracheophyta,Plantae,0.4955441951751709,461,8
Populus tremuloides,Salicaceae,Magnoliopsida,Tracheophyta,Plantae,0.6643545031547546,660,26
Porcellio scaber,Porcellionidae,Malacostraca,Arthropoda,Animalia,11.386722564697266,113,47
Portulaca oleracea,Portulacaceae,Magnoliopsida,Tracheophyta,Plantae,38.95189666748047,395,16
Potentilla argentea,Rosaceae,Magnoliopsida,Tracheophyta,Plantae,3.5633569955825806,162,14
Potentilla canadensis,Rosaceae,Magnoliopsida,Tracheophyta,Plantae,2.5329272747039795,158,11
Potentilla indica,Rosaceae,Magnoliopsida,Tracheophyta,Plantae,13.129999160766602,1415,10
Potentilla norvegica,Rosaceae,Magnoliopsida,Tracheophyta,Plantae,1.425628900527954,135,1
Potentilla recta,Rosaceae,Magnoliopsida,Tracheophyta,Plantae,1.278977870941162,549,25
Potentilla simplex,Rosaceae,Magnoliopsida,Tracheophyta,Plantae,1.505121111869812,268,7
Prenolepis imparis,Formicidae,Insecta,Arthropoda,Animalia,25.92228603363037,110,10
Prionus laticollis,Cerambycidae,Insecta,Arthropoda,Animalia,1.4180841445922852,189,17
Prochoerodes lineola,Geometridae,Insecta,Arthropoda,Animalia,0.7684240341186523,562,4
Procyon lotor,Procyonidae,Mammalia,Chordata,Animalia,2.36375093460083,2213,49
Prolimacodes badia,Limacodidae,Insecta,Arthropoda,Animalia,0.7781527936458588,168,5
Propylaea quatuordecimpunctata,Coccinellidae,Insecta,Arthropoda,Animalia,7.983510494232178,166,6
Prunella vulgaris,Lamiaceae,Magnoliopsida,Tracheophyta,Plantae,0.9286590814590454,1469,17
Prunus serotina,Rosaceae,Magnoliopsida,Tracheophyta,Plantae,2.6909167766571045,2439,55
Pseudacris crucifer,Hylidae,Amphibia,Chordata,Animalia,0.5971724987030029,1071,52
Pseudognaphalium obtusifolium,Asteraceae,Magnoliopsida,Tracheophyta,Plantae,1.0090357065200806,125,6
Ptelea trifoliata,Rutaceae,Magnoliopsida,Tracheophyta,Plantae,3.0123674869537354,144,7
Pteridium aquilinum,Dennstaedtiaceae,Polypodiopsida,Tracheophyta,Plantae,0.4553079605102539,1369,70
Pterophylla camellifolia,Tettigoniidae,Insecta,Arthropoda,Animalia,1.692589521408081,169,2
Punctelia rudecta,Parmeliaceae,Lecanoromycetes,Ascomycota,Fungi,2.4728503227233887,127,2
Pycnanthemum tenuifolium,Lamiaceae,Magnoliopsida,Tracheophyta,Plantae,0.890912652015686,169,1
Pycnoporus cinnabarinus,Polyporaceae,Agaricomycetes,Basidiomycota,Fungi,2.892385959625244,139,1
Pyralis farinalis,Pyralidae,Insecta,Arthropoda,Animalia,4.399251937866211,162,4
Pyrausta acrionalis,Crambidae,Insecta,Arthropoda,Animalia,0.7684240341186523,184,1
Pyrola americana,Ericaceae,Magnoliopsida,Tracheophyta,Plantae,2.866506814956665,119,9
Pyrola elliptica,Ericaceae,Magnoliopsida,Tracheophyta,Plantae,0.3123987317085266,167,3
Pyrrharctia isabella,Arctiidae,Insecta,Arthropoda,Animalia,2.1812314987182617,1549,56
Pyrus calleryana,Rosaceae,Magnoliopsida,Tracheophyta,Plantae,20.312118530273438,413,6
Quercus alba,Fagaceae,Magnoliopsida,Tracheophyta,Plantae,2.311192035675049,2001,74
Quercus bicolor,Fagaceae,Magnoliopsida,Tracheophyta,Plantae,8.697127342224121,213,13
Quercus coccinea,Fagaceae,Magnoliopsida,Tracheophyta,Plantae,2.8324480056762695,124,5
Quercus montana,Fagaceae,Magnoliopsida,Tracheophyta,Plantae,1.0019951462745667,470,4
Quercus palustris,Fagaceae,Magnoliopsida,Tracheophyta,Plantae,14.070333480834961,240,11
Quercus rubra,Fagaceae,Magnoliopsida,Tracheophyta,Plantae,1.1603325605392456,2052,59
Quercus velutina,Fagaceae,Magnoliopsida,Tracheophyta,Plantae,1.6664766073226929,359,20
Rabidosa rabida,Lycosidae,Arachnida,Arthropoda,Animalia,2.5718586444854736,126,1
Ranunculus abortivus,Ranunculaceae,Magnoliopsida,Tracheophyta,Plantae,3.6068227291107178,503,2
Ranunculus acris,Ranunculaceae,Magnoliopsida,Tracheophyta,Plantae,1.351548194885254,309,2
Ranunculus bulbosus,Ranunculaceae,Magnoliopsida,Tracheophyta,Plantae,10.754338264465332,118,2
Ranunculus repens,Ranunculaceae,Magnoliopsida,Tracheophyta,Plantae,3.3413045406341553,144,3
Reynoutria japonica,Polygonaceae,Magnoliopsida,Tracheophyta,Plantae,10.317933082580566,2294,302
Rhamnus cathartica,Rhamnaceae,Magnoliopsida,Tracheophyta,Plantae,2.4871129989624023,1463,33
Rheumaptera meadii,Geometridae,Insecta,Arthropoda,Animalia,1.9333575367927551,100,1
Rhododendron maximum,Ericaceae,Magnoliopsida,Tracheophyta,Plantae,0.5384781360626221,328,14
Rhododendron periclymenoides,Ericaceae,Magnoliopsida,Tracheophyta,Plantae,7.390421628952026,184,1
Rhodotypos scandens,Rosaceae,Magnoliopsida,Tracheophyta,Plantae,16.16693115234375,129,3
Rhus aromatica,Anacardiaceae,Magnoliopsida,Tracheophyta,Plantae,1.2257471084594727,301,5
Rhus copallina,Anacardiaceae,Magnoliopsida,Tracheophyta,Plantae,1.9037368297576904,762,8
Rhus glabra,Anacardiaceae,Magnoliopsida,Tracheophyta,Plantae,2.9127044677734375,533,18
Rhus typhina,Anacardiaceae,Magnoliopsida,Tracheophyta,Plantae,5.6723949909210205,1936,143
Ribes cynosbati,Grossulariaceae,Magnoliopsida,Tracheophyta,Plantae,0.5696908831596375,135,1
Robinia pseudoacacia,Fabaceae,Magnoliopsida,Tracheophyta,Plantae,10.533421516418457,1328,42
Rosa multiflora,Rosaceae,Magnoliopsida,Tracheophyta,Plantae,4.214233875274658,2049,153
Rosa rugosa,Rosaceae,Magnoliopsida,Tracheophyta,Plantae,2.355191469192505,410,54
Rubus allegheniensis,Rosaceae,Magnoliopsida,Tracheophyta,Plantae,2.020458459854126,278,4
Rubus flagellaris,Rosaceae,Magnoliopsida,Tracheophyta,Plantae,1.5090994238853455,100,9
Rubus idaeus,Rosaceae,Magnoliopsida,Tracheophyta,Plantae,0.6957890093326569,186,3
Rubus occidentalis,Rosaceae,Magnoliopsida,Tracheophyta,Plantae,2.7490248680114746,559,22
Rubus odoratus,Rosaceae,Magnoliopsida,Tracheophyta,Plantae,0.7817018330097198,626,2
Rubus phoenicolasius,Rosaceae,Magnoliopsida,Tracheophyta,Plantae,9.802223205566406,1297,1
Rudbeckia hirta,Asteraceae,Magnoliopsida,Tracheophyta,Plantae,1.9149835109710693,1237,20
Rudbeckia triloba,Asteraceae,Magnoliopsida,Tracheophyta,Plantae,8.10384464263916,211,1
Ruellia humilis,Acanthaceae,Magnoliopsida,Tracheophyta,Plantae,1.3510382175445557,101,1
Rumex acetosella,Polygonaceae,Magnoliopsida,Tracheophyta,Plantae,1.1831209659576416,333,23
Rumex crispus,Polygonaceae,Magnoliopsida,Tracheophyta,Plantae,9.911624908447266,705,45
Rumex obtusifolius,Polygonaceae,Magnoliopsida,Tracheophyta,Plantae,10.027652263641357,514,49
Sagittaria latifolia,Alismataceae,Liliopsida,Tracheophyta,Plantae,1.403188943862915,388,6
Salix discolor,Salicaceae,Magnoliopsida,Tracheophyta,Plantae,1.1927249431610107,123,5
Salix nigra,Salicaceae,Magnoliopsida,Tracheophyta,Plantae,5.441793918609619,265,1
Salticus scenicus,Salticidae,Arachnida,Arthropoda,Animalia,12.510114669799805,306,8
Sambucus canadensis,Adoxaceae,Magnoliopsida,Tracheophyta,Plantae,3.8264273405075073,846,8
Sanguinaria canadensis,Papaveraceae,Magnoliopsida,Tracheophyta,Plantae,1.826573669910431,2488,18
Saponaria officinalis,Caryophyllaceae,Magnoliopsida,Tracheophyta,Plantae,1.8172301054000854,520,13
Sassafras albidum,Lauraceae,Magnoliopsida,Tracheophyta,Plantae,3.7577908039093018,2152,91
Satyrium calanus,Lycaenidae,Insecta,Arthropoda,Animalia,1.670505404472351,260,4
Sceliphron caementarium,Sphecidae,Insecta,Arthropoda,Animalia,9.996213912963867,338,10
Schizachyrium scoparium,Poaceae,Liliopsida,Tracheophyta,Plantae,1.1831209659576416,270,4
Scilla siberica,Asparagaceae,Liliopsida,Tracheophyta,Plantae,16.7789306640625,435,43
Sciurus carolinensis,Sciuridae,Mammalia,Chordata,Animalia,24.49275016784668,6804,676
Scleroderma citrinum,Sclerodermataceae,Agaricomycetes,Basidiomycota,Fungi,1.2184703946113586,144,8
Scoparia biplagialis,Crambidae,Insecta,Arthropoda,Animalia,0.7083837985992432,198,8
Scopula limboundata,Geometridae,Insecta,Arthropoda,Animalia,0.8151793479919434,512,10
Scutigera coleoptrata,Scutigeridae,Chilopoda,Arthropoda,Animalia,17.585514068603516,254,18
Securigera varia,Fabaceae,Magnoliopsida,Tracheophyta,Plantae,7.546353340148926,1161,25
Sedum acre,Crassulaceae,Magnoliopsida,Tracheophyta,Plantae,3.5822432041168213,103,3
Senecio vulgaris,Asteraceae,Magnoliopsida,Tracheophyta,Plantae,37.47312927246094,417,26
Silene flos-cuculi,Caryophyllaceae,Magnoliopsida,Tracheophyta,Plantae,0.8453273177146912,134,11
Silene latifolia,Caryophyllaceae,Magnoliopsida,Tracheophyta,Plantae,2.8519716262817383,605,29
Silene vulgaris,Caryophyllaceae,Magnoliopsida,Tracheophyta,Plantae,0.7788257896900177,438,9
Silphium laciniatum,Asteraceae,Magnoliopsida,Tracheophyta,Plantae,4.769999980926514,297,1
Silphium perfoliatum,Asteraceae,Magnoliopsida,Tracheophyta,Plantae,7.7717931270599365,378,2
Sinapis arvensis,Brassicaceae,Magnoliopsida,Tracheophyta,Plantae,16.88376235961914,293,4
Sisyrinchium angustifolium,Iridaceae,Liliopsida,Tracheophyta,Plantae,2.267106771469116,135,2
Sitochroa palealis,Crambidae,Insecta,Arthropoda,Animalia,0.8274877071380615,228,1
Smilax glauca,Smilacaceae,Liliopsida,Tracheophyta,Plantae,1.9208898544311523,313,1
Smilax rotundifolia,Smilacaceae,Liliopsida,Tracheophyta,Plantae,4.225036144256592,716,65
Solanum carolinense,Solanaceae,Magnoliopsida,Tracheophyta,Plantae,3.677549958229065,902,7
Solanum dulcamara,Solanaceae,Magnoliopsida,Tracheophyta,Plantae,10.951432228088379,1349,97
Solanum ptychanthum,Solanaceae,Magnoliopsida,Tracheophyta,Plantae,19.699214935302734,119,2
Solidago bicolor,Asteraceae,Magnoliopsida,Tracheophyta,Plantae,0.4842178225517273,113,8
Solidago caesia,Asteraceae,Magnoliopsida,Tracheophyta,Plantae,1.2576818466186523,245,11
Solidago nemoralis,Asteraceae,Magnoliopsida,Tracheophyta,Plantae,0.5635915994644165,118,1
Solidago rugosa,Asteraceae,Magnoliopsida,Tracheophyta,Plantae,0.6043652296066284,264,9
Solidago sempervirens,Asteraceae,Magnoliopsida,Tracheophyta,Plantae,48.372779846191406,554,21
Sorbus americana,Rosaceae,Magnoliopsida,Tracheophyta,Plantae,0.22039905190467834,225,2
Speranza pustularia,Geometridae,Insecta,Arthropoda,Animalia,0.8274877071380615,549,6
Speyeria cybele,Nymphalidae,Insecta,Arthropoda,Animalia,0.7881540954113007,752,7
Sphecius speciosus,Crabronidae,Insecta,Arthropoda,Animalia,17.412209510803223,344,14
Sphex ichneumoneus,Sphecidae,Insecta,Arthropoda,Animalia,8.140506744384766,383,17
Sphex pensylvanicus,Sphecidae,Insecta,Arthropoda,Animalia,9.90867280960083,214,14
Sphinx kalmiae,Sphingidae,Insecta,Arthropoda,Animalia,0.5364632606506348,194,2
Spilosoma virginica,Erebidae,Insecta,Arthropoda,Animalia,1.766514778137207,666,12
Spiraea alba,Rosaceae,Magnoliopsida,Tracheophyta,Plantae,0.3281539976596832,678,16
Spiraea tomentosa,Rosaceae,Magnoliopsida,Tracheophyta,Plantae,0.2898712307214737,346,6
Sporobolus michauxianus,Poaceae,Liliopsida,Tracheophyta,Plantae,1.8641173839569092,105,1
Stellaria media,Caryophyllaceae,Magnoliopsida,Tracheophyta,Plantae,16.153501510620117,570,17
Stenalcidia pampinaria,Geometridae,Insecta,Arthropoda,Animalia,0.7949080467224121,250,2
Stereum complicatum,Stereaceae,Agaricomycetes,Basidiomycota,Fungi,3.246993064880371,200,18
Stereum ostrea,Stereaceae,Agaricomycetes,Basidiomycota,Fungi,2.880526542663574,335,8
Sternotherus odoratus,Kinosternidae,Reptilia,Chordata,Animalia,2.347200870513916,254,5
Storeria dekayi,Natricidae,Reptilia,Chordata,Animalia,4.690969467163086,1031,14
Strobilomyces strobilaceus,Boletaceae,Agaricomycetes,Basidiomycota,Fungi,0.8235877752304077,135,3
Strophostyles helvola,Fabaceae,Magnoliopsida,Tracheophyta,Plantae,3.7111668586730957,181,1
Strymon melinus,Lycaenidae,Insecta,Arthropoda,Animalia,2.8609299659729004,535,5
Stylophorum diphyllum,Papaveraceae,Magnoliopsida,Tracheophyta,Plantae,10.335695266723633,273,2
Sylvilagus floridanus,Leporidae,Mammalia,Chordata,Animalia,13.385000228881836,2533,332
Sympetrum semicinctum,Libellulidae,Insecta,Arthropoda,Animalia,1.1222886443138123,156,3
Sympetrum vicinum,Libellulidae,Insecta,Arthropoda,Animalia,1.1472231149673462,829,29
Symphyotrichum lateriflorum,Asteraceae,Magnoliopsida,Tracheophyta,Plantae,1.4386724829673767,168,1
Symphyotrichum novae-angliae,Asteraceae,Magnoliopsida,Tracheophyta,Plantae,3.550108790397644,626,15
Symphyotrichum puniceum,Asteraceae,Magnoliopsida,Tracheophyta,Plantae,0.48297399282455444,171,1
Symplocarpus foetidus,Araceae,Liliopsida,Tracheophyta,Plantae,4.148370742797852,2270,411
Synchlora aerata,Geometridae,Insecta,Arthropoda,Animalia,0.9922666549682617,209,4
Syringa vulgaris,Oleaceae,Magnoliopsida,Tracheophyta,Plantae,9.160414695739746,254,16
Tamias striatus,Sciuridae,Mammalia,Chordata,Animalia,4.36572265625,1784,93
Tamiasciurus hudsonicus,Sciuridae,Mammalia,Chordata,Animalia,1.0290898084640503,1059,34
Tanacetum vulgare,Asteraceae,Magnoliopsida,Tracheophyta,Plantae,7.071002960205078,556,93
Taraxacum officinale,Asteraceae,Magnoliopsida,Tracheophyta,Plantae,17.497629165649414,2900,472
Taxus canadensis,Taxaceae,Pinopsida,Tracheophyta,Plantae,0.27807489037513733,191,3
Tenodera sinensis,Mantidae,Insecta,Arthropoda,Animalia,8.235624313354492,723,25
Tephrosia virginiana,Fabaceae,Magnoliopsida,Tracheophyta,Plantae,0.46974417567253113,220,1
Tetracis cachexiata,Geometridae,Insecta,Arthropoda,Animalia,0.7684240341186523,176,7
Tetracis crocallata,Geometridae,Insecta,Arthropoda,Animalia,0.7949080467224121,151,3
Tetraopes tetrophthalmus,Cerambycidae,Insecta,Arthropoda,Animalia,4.438434600830078,1154,32
Thalictrum dioicum,Ranunculaceae,Magnoliopsida,Tracheophyta,Plantae,1.3266634941101074,289,1
Thalictrum pubescens,Ranunculaceae,Magnoliopsida,Tracheophyta,Plantae,0.33475732803344727,301,8
Thalictrum thalictroides,Ranunculaceae,Magnoliopsida,Tracheophyta,Plantae,1.354354739189148,922,2
Thamnophis sauritus,Natricidae,Reptilia,Chordata,Animalia,0.8655719757080078,169,2
Thamnophis sirtalis,Natricidae,Reptilia,Chordata,Animalia,1.1566845774650574,3086,154
Thelypteris palustris,Thelypteridaceae,Polypodiopsida,Tracheophyta,Plantae,0.43715664744377136,244,9
Thuja occidentalis,Cupressaceae,Pinopsida,Tracheophyta,Plantae,0.4809185266494751,1089,15
Thymelicus lineola,Hesperiidae,Insecta,Arthropoda,Animalia,1.0290898084640503,311,4
Thyridopteryx ephemeraeformis,Psychidae,Insecta,Arthropoda,Animalia,17.499738693237305,168,1
Tiarella cordifolia,Saxifragaceae,Magnoliopsida,Tracheophyta,Plantae,0.3119902014732361,588,1
Tilia americana,Malvaceae,Magnoliopsida,Tracheophyta,Plantae,1.6777589321136475,1063,12
Tolype velleda,Lasiocampidae,Insecta,Arthropoda,Animalia,0.7083837985992432,107,1
Toxicodendron radicans,Anacardiaceae,Magnoliopsida,Tracheophyta,Plantae,7.3262529373168945,4541,204
Toxicodendron rydbergii,Anacardiaceae,Magnoliopsida,Tracheophyta,Plantae,0.49865323305130005,171,1
Toxomerus geminatus,Syrphidae,Insecta,Arthropoda,Animalia,7.0143046379089355,431,11
Toxomerus marginatus,Syrphidae,Insecta,Arthropoda,Animalia,9.174924850463867,1052,37
Trachemys scripta,Emydidae,Reptilia,Chordata,Animalia,12.96276569366455,2308,27
Tramea carolina,Libellulidae,Insecta,Arthropoda,Animalia,1.7585960626602173,198,3
Tramea lacerata,Libellulidae,Insecta,Arthropoda,Animalia,2.485323667526245,268,2
Trametes versicolor,Polyporaceae,Agaricomycetes,Basidiomycota,Fungi,3.5066699981689453,961,28
Tremella mesenterica,Tremellaceae,Tremellomycetes,Basidiomycota,Fungi,1.5748144388198853,149,10
Trichaptum biforme,NA,Agaricomycetes,Basidiomycota,Fungi,1.9991785287857056,351,16
Trichodezia albovittata,Geometridae,Insecta,Arthropoda,Animalia,0.9328531324863434,208,2
Trichostema dichotomum,Lamiaceae,Magnoliopsida,Tracheophyta,Plantae,1.057325839996338,118,5
Trifolium arvense,Fabaceae,Magnoliopsida,Tracheophyta,Plantae,1.7032008171081543,332,40
Trifolium campestre,Fabaceae,Magnoliopsida,Tracheophyta,Plantae,1.733018159866333,215,2
Trifolium hybridum,Fabaceae,Magnoliopsida,Tracheophyta,Plantae,3.040548324584961,197,7
Trifolium incarnatum,Fabaceae,Magnoliopsida,Tracheophyta,Plantae,3.353534460067749,247,2
Trifolium pratense,Fabaceae,Magnoliopsida,Tracheophyta,Plantae,3.6700551509857178,2192,112
Trifolium repens,Fabaceae,Magnoliopsida,Tracheophyta,Plantae,14.879552841186523,3218,120
Trillium cernuum,Melanthiaceae,Liliopsida,Tracheophyta,Plantae,0.40804076194763184,205,3
Trillium grandiflorum,Melanthiaceae,Liliopsida,Tracheophyta,Plantae,1.0153558254241943,1382,6
Trillium luteum,Melanthiaceae,Liliopsida,Tracheophyta,Plantae,1.093198299407959,131,1
Triodanis perfoliata,Campanulaceae,Magnoliopsida,Tracheophyta,Plantae,4.799109935760498,306,2
Tsuga canadensis,Pinaceae,Pinopsida,Tracheophyta,Plantae,0.577845960855484,2154,104
Tussilago farfara,Asteraceae,Magnoliopsida,Tracheophyta,Plantae,0.8038521707057953,1262,12
Typha angustifolia,Typhaceae,Liliopsida,Tracheophyta,Plantae,2.6365766525268555,189,6
Typha latifolia,Typhaceae,Liliopsida,Tracheophyta,Plantae,2.601902723312378,530,41
Typocerus velutinus,Cerambycidae,Insecta,Arthropoda,Animalia,1.1552959084510803,306,17
Udea rubigalis,Crambidae,Insecta,Arthropoda,Animalia,2.7465174198150635,439,4
Ulmus americana,Ulmaceae,Magnoliopsida,Tracheophyta,Plantae,3.4260950088500977,743,17
Ulmus rubra,Ulmaceae,Magnoliopsida,Tracheophyta,Plantae,2.751566171646118,136,1
Umbilicaria mammulata,Umbilicariaceae,Lecanoromycetes,Ascomycota,Fungi,0.2554408311843872,122,3
Urocyon cinereoargenteus,Canidae,Mammalia,Chordata,Animalia,1.255784273147583,242,6
Urtica dioica,Urticaceae,Magnoliopsida,Tracheophyta,Plantae,1.7025893926620483,672,29
Usnea strigosa,Parmeliaceae,Lecanoromycetes,Ascomycota,Fungi,1.015810489654541,121,2
Utricularia macrorhiza,Lentibulariaceae,Magnoliopsida,Tracheophyta,Plantae,0.6334265470504761,202,6
Uvularia grandiflora,Colchicaceae,Liliopsida,Tracheophyta,Plantae,0.5375362634658813,551,1
Uvularia sessilifolia,Colchicaceae,Liliopsida,Tracheophyta,Plantae,0.4216105341911316,341,13
Vaccinium angustifolium,Ericaceae,Magnoliopsida,Tracheophyta,Plantae,0.31862878799438477,374,33
Vaccinium corymbosum,Ericaceae,Magnoliopsida,Tracheophyta,Plantae,1.3486242294311523,126,26
Valeriana officinalis,Caprifoliaceae,Magnoliopsida,Tracheophyta,Plantae,1.0769401788711548,133,1
Vanessa atalanta,Nymphalidae,Insecta,Arthropoda,Animalia,6.900036811828613,2681,47
Vanessa cardui,Nymphalidae,Insecta,Arthropoda,Animalia,4.395042419433594,1276,35
Vanessa virginiensis,Nymphalidae,Insecta,Arthropoda,Animalia,2.1094610691070557,1307,41
Veratrum viride,Melanthiaceae,Liliopsida,Tracheophyta,Plantae,0.27449941635131836,355,8
Verbascum blattaria,Scrophulariaceae,Magnoliopsida,Tracheophyta,Plantae,7.455332279205322,254,5
Verbascum thapsus,Scrophulariaceae,Magnoliopsida,Tracheophyta,Plantae,2.9422478675842285,1877,153
Verbena hastata,Verbenaceae,Magnoliopsida,Tracheophyta,Plantae,2.1963982582092285,702,31
Verbena urticifolia,Verbenaceae,Magnoliopsida,Tracheophyta,Plantae,6.489828109741211,346,6
Veronica arvensis,Plantaginaceae,Magnoliopsida,Tracheophyta,Plantae,17.761474609375,270,7
Veronica officinalis,Plantaginaceae,Magnoliopsida,Tracheophyta,Plantae,0.7133942246437073,295,9
Veronica serpyllifolia,Plantaginaceae,Magnoliopsida,Tracheophyta,Plantae,6.998322486877441,216,4
Veronicastrum virginicum,Plantaginaceae,Magnoliopsida,Tracheophyta,Plantae,5.074999809265137,265,2
Vespa crabro,Vespidae,Insecta,Arthropoda,Animalia,3.180000066757202,169,1
Vespula maculifrons,Vespidae,Insecta,Arthropoda,Animalia,4.817553520202637,231,15
Viburnum acerifolium,Adoxaceae,Magnoliopsida,Tracheophyta,Plantae,1.2244439125061035,768,63
Viburnum dentatum,Adoxaceae,Magnoliopsida,Tracheophyta,Plantae,6.049348831176758,337,14
Viburnum lantanoides,Adoxaceae,Magnoliopsida,Tracheophyta,Plantae,0.2199999988079071,729,1
Viburnum lentago,Adoxaceae,Magnoliopsida,Tracheophyta,Plantae,1.0399999618530273,223,1
Viburnum nudum,Adoxaceae,Magnoliopsida,Tracheophyta,Plantae,0.29793989658355713,285,1
Viburnum opulus,Adoxaceae,Magnoliopsida,Tracheophyta,Plantae,3.016887664794922,394,7
Vicia cracca,Fabaceae,Magnoliopsida,Tracheophyta,Plantae,1.300137996673584,539,35
Vicia villosa,Fabaceae,Magnoliopsida,Tracheophyta,Plantae,3.750357151031494,291,5
Vinca major,Apocynaceae,Magnoliopsida,Tracheophyta,Plantae,12.950023651123047,165,1
Vinca minor,Apocynaceae,Magnoliopsida,Tracheophyta,Plantae,7.415131568908691,945,79
Vincetoxicum rossicum,Apocynaceae,Magnoliopsida,Tracheophyta,Plantae,2.590974807739258,245,1
Viola bicolor,Violaceae,Magnoliopsida,Tracheophyta,Plantae,3.3165578842163086,163,2
Viola canadensis,Violaceae,Magnoliopsida,Tracheophyta,Plantae,0.34158167243003845,161,1
Viola pedata,Violaceae,Magnoliopsida,Tracheophyta,Plantae,0.47529567778110504,316,1
Viola pubescens,Violaceae,Magnoliopsida,Tracheophyta,Plantae,0.8932234346866608,680,2
Viola sororia,Violaceae,Magnoliopsida,Tracheophyta,Plantae,13.117677688598633,1641,37
Vitis riparia,Vitaceae,Magnoliopsida,Tracheophyta,Plantae,4.024881362915039,405,2
Vulpes vulpes,Canidae,Mammalia,Chordata,Animalia,3.016887664794922,935,20
Wallengrenia otho,Hesperiidae,Insecta,Arthropoda,Animalia,0.9115344285964966,129,2
Woodsia obtusa,Woodsiaceae,Polypodiopsida,Tracheophyta,Plantae,47.15900421142578,142,2
Xanthium strumarium,Asteraceae,Magnoliopsida,Tracheophyta,Plantae,4.532175064086914,279,3
Xanthorhoe ferrugata,Geometridae,Insecta,Arthropoda,Animalia,0.9050589799880981,189,1
Xanthorhoe lacustrata,Geometridae,Insecta,Arthropoda,Animalia,0.8274877071380615,117,3
Xenox tigrinus,Bombyliidae,Insecta,Arthropoda,Animalia,9.675221920013428,348,16
Xylaria polymorpha,Xylariaceae,Sordariomycetes,Ascomycota,Fungi,5.750503301620483,148,2
Xylobolus frustulatus,Stereaceae,Agaricomycetes,Basidiomycota,Fungi,3.866579294204712,149,3
Xylocopa virginica,Apidae,Insecta,Arthropoda,Animalia,12.731155395507812,1877,56
Yucca filamentosa,Asparagaceae,Liliopsida,Tracheophyta,Plantae,1.8217068910598755,182,3
Zelus luridus,Reduviidae,Insecta,Arthropoda,Animalia,5.585967063903809,223,6
Zerynthia polyxena,Papilionidae,Insecta,Arthropoda,Animalia,10.557522773742676,2168,36
Zizia aurea,Apiaceae,Magnoliopsida,Tracheophyta,Plantae,2.195810317993164,629,2
